Student_Number,Course_Number,Section_Number,Dateenrolled,DateLeft,Term_Number,SchoolID,Section_ID_Internal
26041,A1204,101,,,3600,13000,A1204.1
26041,ADVHS01,134,,,3600,13000,ADVHS01.34
26041,E1201,105,,,3600,13000,E1201.5
26041,J1203,103,,,3600,13000,J1203.3
26041,L1304,103,,,3600,13000,L1304.3
26041,OC1310,102,,,3600,13000,OC1310.2
26041,OH1501,102,,,3600,13000,OH1501.2
27090,ADVHS01,134,,,3600,13000,ADVHS01.34
27090,E1201,106,,,3600,13000,E1201.6
27090,J1203,103,,,3600,13000,J1203.3
27090,L1304,103,,,3600,13000,L1304.3
27090,OA1317,101,,,3600,13000,OA1317.1
27090,OH1501,102,,,3600,13000,OH1501.2
27023,ADVHS01,136,,,3600,13000,ADVHS01.36
27023,E1201,103,,,3600,13000,E1201.3
27023,G1201,103,,,3600,13000,G1201.3
27023,L1303,101,,,3600,13000,L1303.1
27023,OA1322,101,,,3600,13000,OA1322.1
27023,OB1532,101,,,3600,13000,OB1532.1
27023,OC1314,101,,,3600,13000,OC1314.1
27015,ADVHS01,132,,,3600,13000,ADVHS01.32
27015,E1201,105,,,3600,13000,E1201.5
27015,G1201,106,,,3600,13000,G1201.6
27015,J1203,103,,,3600,13000,J1203.3
27015,L1304,101,,,3600,13000,L1304.1
27015,OA1304,101,,,3600,13000,OA1304.1
27015,OH1501,102,,,3600,13000,OH1501.2
27015,OI1305,102,,,3600,13000,OI1305.2
27042,A1204,101,,,3600,13000,A1204.1
27042,ADVHS01,132,,,3600,13000,ADVHS01.32
27042,E1201,105,,,3600,13000,E1201.5
27042,G1201,104,,,3600,13000,G1201.4
27042,J1203,102,,,3600,13000,J1203.2
27042,L1304,103,,,3600,13000,L1304.3
27042,OI1305,103,,,3600,13000,OI1305.3
27067,A1204,103,,,3600,13000,A1204.3
27067,ADVHS01,132,,,3600,13000,ADVHS01.32
27067,E1201,104,,,3600,13000,E1201.4
27067,G1202,101,,,3600,13000,G1202.1
27067,L1302,101,,,3600,13000,L1302.1
27067,OC1310,103,,,3600,13000,OC1310.3
27067,OH1306,101,,,3600,13000,OH1306.1
27067,OI1305,104,,,3600,13000,OI1305.4
27066,A1204,102,,,3600,13000,A1204.2
27066,ADVHS01,132,,,3600,13000,ADVHS01.32
27066,E1201,102,,,3600,13000,E1201.2
27066,G1201,105,,,3600,13000,G1201.5
27066,J1203,103,,,3600,13000,J1203.3
27066,L1303,101,,,3600,13000,L1303.1
27066,OC1310,102,,,3600,13000,OC1310.2
27066,OH1306,103,,,3600,13000,OH1306.3
27104,A1204,103,,,3600,13000,A1204.3
27104,ADVHS01,130,,,3600,13000,ADVHS01.30
27104,E1201,105,,,3600,13000,E1201.5
27104,G1201,104,,,3600,13000,G1201.4
27104,I1204,102,,,3600,13000,I1204.2
27104,J1203,105,,,3600,13000,J1203.5
27104,L1304,104,,,3600,13000,L1304.4
27104,OC1310,103,,,3600,13000,OC1310.3
27074,A1204,103,,,3600,13000,A1204.3
27074,ADVHS01,131,,,3600,13000,ADVHS01.31
27074,E1201,102,,,3600,13000,E1201.2
27074,G1201,105,,,3600,13000,G1201.5
27074,I1204,102,,,3600,13000,I1204.2
27074,J1203,103,,,3600,13000,J1203.3
27074,L1303,101,,,3600,13000,L1303.1
27074,OH1306,103,,,3600,13000,OH1306.3
27074,OI1303,101,,,3600,13000,OI1303.1
27180,ADVHS01,133,,,3600,13000,ADVHS01.33
27180,B1001,107,,,3600,13000,B1001.7
27180,E1201,105,,,3600,13000,E1201.5
27180,G1201,101,,,3600,13000,G1201.1
27180,J1203,105,,,3600,13000,J1203.5
27180,L1304,104,,,3600,13000,L1304.4
27180,OH1306,101,,,3600,13000,OH1306.1
27180,OZ1207,101,,,3600,13000,OZ1207.1
27141,A1204,101,,,3600,13000,A1204.1
27141,ADVHS01,106,,,3600,13000,ADVHS01.6
27141,E1201,104,,,3600,13000,E1201.4
27141,G1201,104,,,3600,13000,G1201.4
27141,J1203,104,,,3600,13000,J1203.4
27141,L1301,101,,,3600,13000,L1301.1
27141,OC1310,102,,,3600,13000,OC1310.2
27141,OH1501,101,,,3600,13000,OH1501.1
27141,OI1303,101,,,3600,13000,OI1303.1
27116,A1204,103,,,3600,13000,A1204.3
27116,ADVHS01,130,,,3600,13000,ADVHS01.30
27116,E1201,102,,,3600,13000,E1201.2
27116,G1201,104,,,3600,13000,G1201.4
27116,I1204,101,,,3600,13000,I1204.1
27116,L1301,101,,,3600,13000,L1301.1
27116,OC1314,101,,,3600,13000,OC1314.1
27116,OH1501,102,,,3600,13000,OH1501.2
27140,A1204,103,,,3600,13000,A1204.3
27140,ADVHS01,125,,,3600,13000,ADVHS01.25
27140,C0907,101,,,3600,13000,C0907.1
27140,E1201,104,,,3600,13000,E1201.4
27140,G1201,105,,,3600,13000,G1201.5
27140,J1203,104,,,3600,13000,J1203.4
27140,L1303,101,,,3600,13000,L1303.1
27140,OH1501,102,,,3600,13000,OH1501.2
27140,OI1305,105,,,3600,13000,OI1305.5
27120,ADVHS01,112,,,3600,13000,ADVHS01.12
27120,E1201,101,,,3600,13000,E1201.1
27120,G1201,106,,,3600,13000,G1201.6
27120,I1208,101,,,3600,13000,I1208.1
27120,J1203,102,,,3600,13000,J1203.2
27120,L1301,103,,,3600,13000,L1301.3
27120,OA1317,101,,,3600,13000,OA1317.1
27120,OH1501,101,,,3600,13000,OH1501.1
27103,A1204,102,,,3600,13000,A1204.2
27103,ADVHS01,129,,,3600,13000,ADVHS01.29
27103,E1201,105,,,3600,13000,E1201.5
27103,G1201,104,,,3600,13000,G1201.4
27103,OH1501,101,,,3600,13000,OH1501.1
27103,OI1303,102,,,3600,13000,OI1303.2
27103,OI1305,103,,,3600,13000,OI1305.3
27027,A1204,102,,,3600,13000,A1204.2
27027,ADVHS01,127,,,3600,13000,ADVHS01.27
27027,E1201,101,,,3600,13000,E1201.1
27027,G1201,105,,,3600,13000,G1201.5
27027,J1203,101,,,3600,13000,J1203.1
27027,L1302,102,,,3600,13000,L1302.2
27027,OC1310,102,,,3600,13000,OC1310.2
27027,OH1501,101,,,3600,13000,OH1501.1
27027,OI1305,103,,,3600,13000,OI1305.3
27019,A1204,103,,,3600,13000,A1204.3
27019,ADVHS01,116,,,3600,13000,ADVHS01.16
27019,E1201,102,,,3600,13000,E1201.2
27019,G1201,105,,,3600,13000,G1201.5
27019,J1203,104,,,3600,13000,J1203.4
27019,L1302,102,,,3600,13000,L1302.2
27019,OC1310,101,,,3600,13000,OC1310.1
27019,OH1501,102,,,3600,13000,OH1501.2
27019,OI1305,103,,,3600,13000,OI1305.3
27018,ADVHS01,133,,,3600,13000,ADVHS01.33
27018,E1201,103,,,3600,13000,E1201.3
27018,G1202,101,,,3600,13000,G1202.1
27018,J1203,104,,,3600,13000,J1203.4
27018,L1304,104,,,3600,13000,L1304.4
27018,OA1322,101,,,3600,13000,OA1322.1
27018,OB1520,101,,,3600,13000,OB1520.1
27018,OH1306,103,,,3600,13000,OH1306.3
27071,ADVHS01,133,,,3600,13000,ADVHS01.33
27071,E1201,103,,,3600,13000,E1201.3
27071,G1201,101,,,3600,13000,G1201.1
27071,J1203,105,,,3600,13000,J1203.5
27071,L1303,101,,,3600,13000,L1303.1
27071,OA1318,101,,,3600,13000,OA1318.1
27071,OC1310,103,,,3600,13000,OC1310.3
27071,OH1501,102,,,3600,13000,OH1501.2
27005,ADVHS01,132,,,3600,13000,ADVHS01.32
27005,E1201,106,,,3600,13000,E1201.6
27005,G1201,105,,,3600,13000,G1201.5
27005,I1208,101,,,3600,13000,I1208.1
27005,L1304,103,,,3600,13000,L1304.3
27005,OA1322,102,,,3600,13000,OA1322.2
27005,OI1303,101,,,3600,13000,OI1303.1
27010,A1204,103,,,3600,13000,A1204.3
27010,ADVHS01,131,,,3600,13000,ADVHS01.31
27010,E1201,104,,,3600,13000,E1201.4
27010,G1201,105,,,3600,13000,G1201.5
27010,I1212,103,,,3602,13000,I1212.3
27010,I1213,103,,,3601,13000,I1213.3
27010,J1203,103,,,3600,13000,J1203.3
27010,OC1310,103,,,3600,13000,OC1310.3
27010,OI1305,104,,,3600,13000,OI1305.4
27014,ADVHS01,128,,,3600,13000,ADVHS01.28
27014,E1201,106,,,3600,13000,E1201.6
27014,G1202,101,,,3600,13000,G1202.1
27014,J1203,105,,,3600,13000,J1203.5
27014,L1304,101,,,3600,13000,L1304.1
27014,OA1322,101,,,3600,13000,OA1322.1
27014,OB1520,102,,,3600,13000,OB1520.2
27014,OH1501,102,,,3600,13000,OH1501.2
27106,ADVHS01,131,,,3600,13000,ADVHS01.31
27106,E1201,102,,,3600,13000,E1201.2
27106,G1201,102,,,3600,13000,G1201.2
27106,J1203,104,,,3600,13000,J1203.4
27106,L1303,101,,,3600,13000,L1303.1
27106,OA1322,102,,,3600,13000,OA1322.2
27106,OI1303,102,,,3600,13000,OI1303.2
27106,OI1305,103,,,3600,13000,OI1305.3
27142,A1204,103,,,3600,13000,A1204.3
27142,ADVHS01,112,,,3600,13000,ADVHS01.12
27142,E1201,103,,,3600,13000,E1201.3
27142,G1202,101,,,3600,13000,G1202.1
27142,I1212,102,,,3602,13000,I1212.2
27142,I1213,102,,,3601,13000,I1213.2
27142,J1203,102,,,3600,13000,J1203.2
27142,L1304,103,,,3600,13000,L1304.3
27142,OB1520,101,,,3600,13000,OB1520.1
26023,ADVHS01,106,,,3600,13000,ADVHS01.6
26023,E1201,105,,,3600,13000,E1201.5
26023,G1201,105,,,3600,13000,G1201.5
26023,J1203,105,,,3600,13000,J1203.5
26023,L1304,104,,,3600,13000,L1304.4
26023,OA1318,101,,,3600,13000,OA1318.1
26023,OH1501,101,,,3600,13000,OH1501.1
26023,OI1303,102,,,3600,13000,OI1303.2
26023,OI1305,105,,,3600,13000,OI1305.5
27160,ADVHS01,119,,,3600,13000,ADVHS01.19
27160,E1201,101,,,3600,13000,E1201.1
27160,G1201,106,,,3600,13000,G1201.6
27160,I1204,101,,,3600,13000,I1204.1
27160,J1203,102,,,3600,13000,J1203.2
27160,L1304,103,,,3600,13000,L1304.3
27160,OA1322,102,,,3600,13000,OA1322.2
27160,OC1305,102,,,3600,13000,OC1305.2
27160,OH1306,103,,,3600,13000,OH1306.3
27006,ADVHS01,128,,,3600,13000,ADVHS01.28
27006,E1201,106,,,3600,13000,E1201.6
27006,G1201,102,,,3600,13000,G1201.2
27006,I1208,101,,,3600,13000,I1208.1
27006,L1302,102,,,3600,13000,L1302.2
27006,L1304,101,,,3600,13000,L1304.1
27006,OA1317,101,,,3600,13000,OA1317.1
27006,OH1501,101,,,3600,13000,OH1501.1
27098,A1204,101,,,3600,13000,A1204.1
27098,ADVHS01,113,,,3600,13000,ADVHS01.13
27098,E1201,106,,,3600,13000,E1201.6
27098,G1201,104,,,3600,13000,G1201.4
27098,J1203,101,,,3600,13000,J1203.1
27098,L1304,101,,,3600,13000,L1304.1
27098,OH1306,103,,,3600,13000,OH1306.3
27098,OI1303,101,,,3600,13000,OI1303.1
27098,OI1305,102,,,3600,13000,OI1305.2
27130,A1204,103,,,3600,13000,A1204.3
27130,ADVHS01,125,,,3600,13000,ADVHS01.25
27130,E1201,103,,,3600,13000,E1201.3
27130,G1201,105,,,3600,13000,G1201.5
27130,J1203,105,,,3600,13000,J1203.5
27130,L1304,103,,,3600,13000,L1304.3
27130,OC1310,101,,,3600,13000,OC1310.1
27130,OI1305,104,,,3600,13000,OI1305.4
27012,A1204,101,,,3600,13000,A1204.1
27012,ADVHS01,120,,,3600,13000,ADVHS01.20
27012,E1201,106,,,3600,13000,E1201.6
27012,G1201,104,,,3600,13000,G1201.4
27012,J1203,101,,,3600,13000,J1203.1
27012,L1304,101,,,3600,13000,L1304.1
27012,OH1501,101,,,3600,13000,OH1501.1
27012,OI1305,104,,,3600,13000,OI1305.4
26106,ADVHS01,135,,,3600,13000,ADVHS01.35
26106,E1201,103,,,3600,13000,E1201.3
26106,G1201,101,,,3600,13000,G1201.1
26106,I1212,103,,,3602,13000,I1212.3
26106,I1213,103,,,3601,13000,I1213.3
26106,J1203,102,,,3600,13000,J1203.2
26106,L1301,102,,,3600,13000,L1301.2
26106,OH1306,102,,,3600,13000,OH1306.2
27097,ADVHS01,113,,,3600,13000,ADVHS01.13
27097,E1201,106,,,3600,13000,E1201.6
27097,G1201,105,,,3600,13000,G1201.5
27097,J1203,105,,,3600,13000,J1203.5
27097,L1304,101,,,3600,13000,L1304.1
27097,OA1322,101,,,3600,13000,OA1322.1
27097,OB1520,102,,,3600,13000,OB1520.2
27097,OI1303,101,,,3600,13000,OI1303.1
27035,ADVHS01,129,,,3600,13000,ADVHS01.29
27035,E1201,106,,,3600,13000,E1201.6
27035,G1201,105,,,3600,13000,G1201.5
27035,L1304,101,,,3600,13000,L1304.1
27035,OA1322,101,,,3600,13000,OA1322.1
27035,OH1306,103,,,3600,13000,OH1306.3
27035,OI1303,101,,,3600,13000,OI1303.1
27035,OI1305,105,,,3600,13000,OI1305.5
27025,A1204,101,,,3600,13000,A1204.1
27025,ADVHS01,102,,,3600,13000,ADVHS01.2
27025,C0907,101,,,3600,13000,C0907.1
27025,E1201,104,,,3600,13000,E1201.4
27025,G1202,101,,,3600,13000,G1202.1
27025,I1212,101,,,3602,13000,I1212.1
27025,I1213,101,,,3601,13000,I1213.1
27025,J1203,104,,,3600,13000,J1203.4
27025,OH1501,102,,,3600,13000,OH1501.2
27025,OI1303,102,,,3600,13000,OI1303.2
27081,ADVHS01,128,,,3600,13000,ADVHS01.28
27081,E1201,106,,,3600,13000,E1201.6
27081,G1201,102,,,3600,13000,G1201.2
27081,I1208,101,,,3600,13000,I1208.1
27081,I1212,103,,,3602,13000,I1212.3
27081,I1213,103,,,3601,13000,I1213.3
27081,OA1322,102,,,3600,13000,OA1322.2
27081,OB1520,101,,,3600,13000,OB1520.1
27081,OH1306,102,,,3600,13000,OH1306.2
27131,ADVHS01,133,,,3600,13000,ADVHS01.33
27131,E1201,103,,,3600,13000,E1201.3
27131,G1201,101,,,3600,13000,G1201.1
27131,J1203,105,,,3600,13000,J1203.5
27131,L1304,104,,,3600,13000,L1304.4
27131,OB1520,101,,,3600,13000,OB1520.1
27131,OH1306,102,,,3600,13000,OH1306.2
27085,ADVHS01,121,,,3600,13000,ADVHS01.21
27085,E1201,104,,,3600,13000,E1201.4
27085,G1202,101,,,3600,13000,G1202.1
27085,J1203,104,,,3600,13000,J1203.4
27085,L1304,104,,,3600,13000,L1304.4
27085,OA1322,102,,,3600,13000,OA1322.2
27085,OC1310,102,,,3600,13000,OC1310.2
27085,OH1306,102,,,3600,13000,OH1306.2
27022,A1204,101,,,3600,13000,A1204.1
27022,ADVHS01,108,,,3600,13000,ADVHS01.8
27022,E1201,102,,,3600,13000,E1201.2
27022,G1201,104,,,3600,13000,G1201.4
27022,J1203,104,,,3600,13000,J1203.4
27022,L1304,102,,,3600,13000,L1304.2
27022,OI1303,102,,,3600,13000,OI1303.2
27017,A1204,101,,,3600,13000,A1204.1
27017,ADVHS01,119,,,3600,13000,ADVHS01.19
27017,E1201,106,,,3600,13000,E1201.6
27017,G1201,104,,,3600,13000,G1201.4
27017,J1203,101,,,3600,13000,J1203.1
27017,L1304,104,,,3600,13000,L1304.4
27017,OH1501,101,,,3600,13000,OH1501.1
27017,OI1305,103,,,3600,13000,OI1305.3
27040,A1204,102,,,3600,13000,A1204.2
27040,ADVHS01,127,,,3600,13000,ADVHS01.27
27040,E1201,106,,,3600,13000,E1201.6
27040,G1201,105,,,3600,13000,G1201.5
27040,J1203,103,,,3600,13000,J1203.3
27040,L1304,101,,,3600,13000,L1304.1
27040,OC1310,101,,,3600,13000,OC1310.1
27040,OI1305,102,,,3600,13000,OI1305.2
27054,A1204,103,,,3600,13000,A1204.3
27054,ADVHS01,126,,,3600,13000,ADVHS01.26
27054,E1201,101,,,3600,13000,E1201.1
27054,G1201,105,,,3600,13000,G1201.5
27054,I1215,101,,,3600,13000,I1215.1
27054,J1203,101,,,3600,13000,J1203.1
27054,L1301,102,,,3600,13000,L1301.2
27054,OH1306,101,,,3600,13000,OH1306.1
27054,OI1305,104,,,3600,13000,OI1305.4
27059,ADVHS01,123,,,3600,13000,ADVHS01.23
27059,E1201,103,,,3600,13000,E1201.3
27059,G1201,103,,,3600,13000,G1201.3
27059,I1208,101,,,3600,13000,I1208.1
27059,J1203,102,,,3600,13000,J1203.2
27059,L1301,101,,,3600,13000,L1301.1
27059,OA1318,101,,,3600,13000,OA1318.1
27059,OH1306,102,,,3600,13000,OH1306.2
27059,OI1303,102,,,3600,13000,OI1303.2
27055,A1204,101,,,3600,13000,A1204.1
27055,ADVHS01,123,,,3600,13000,ADVHS01.23
27055,E1201,104,,,3600,13000,E1201.4
27055,G1201,102,,,3600,13000,G1201.2
27055,I1212,103,,,3602,13000,I1212.3
27055,I1213,103,,,3601,13000,I1213.3
27055,OB1520,102,,,3600,13000,OB1520.2
27055,OH1306,102,,,3600,13000,OH1306.2
27108,ADVHS01,101,,,3600,13000,ADVHS01.1
27108,E1201,101,,,3600,13000,E1201.1
27108,G1201,106,,,3600,13000,G1201.6
27108,I1204,101,,,3600,13000,I1204.1
27108,I1212,101,,,3602,13000,I1212.1
27108,I1213,101,,,3601,13000,I1213.1
27108,J1203,102,,,3600,13000,J1203.2
27108,OA1317,101,,,3600,13000,OA1317.1
27108,OA1322,101,,,3600,13000,OA1322.1
27108,OH1306,103,,,3600,13000,OH1306.3
27049,ADVHS01,105,,,3600,13000,ADVHS01.5
27049,E1201,104,,,3600,13000,E1201.4
27049,G1201,106,,,3600,13000,G1201.6
27049,I1204,102,,,3600,13000,I1204.2
27049,I1212,104,,,3602,13000,I1212.4
27049,I1213,104,,,3601,13000,I1213.4
27049,J1203,101,,,3600,13000,J1203.1
27049,OA1322,101,,,3600,13000,OA1322.1
27049,OH1306,101,,,3600,13000,OH1306.1
27114,ADVHS01,122,,,3600,13000,ADVHS01.22
27114,C0907,101,,,3600,13000,C0907.1
27114,E1201,101,,,3600,13000,E1201.1
27114,G1201,103,,,3600,13000,G1201.3
27114,I1212,102,,,3602,13000,I1212.2
27114,I1213,102,,,3601,13000,I1213.2
27114,J1203,102,,,3600,13000,J1203.2
27114,OA1317,101,,,3600,13000,OA1317.1
27114,OH1306,101,,,3600,13000,OH1306.1
27114,OI1303,102,,,3600,13000,OI1303.2
27052,A1204,103,,,3600,13000,A1204.3
27052,ADVHS01,104,,,3600,13000,ADVHS01.4
27052,E1201,103,,,3600,13000,E1201.3
27052,G1201,105,,,3600,13000,G1201.5
27052,I1212,104,,,3602,13000,I1212.4
27052,I1213,104,,,3601,13000,I1213.4
27052,J1203,104,,,3600,13000,J1203.4
27052,OC1310,101,,,3600,13000,OC1310.1
27052,OH1306,103,,,3600,13000,OH1306.3
27052,OI1305,102,,,3600,13000,OI1305.2
27183,A1204,102,,,3600,13000,A1204.2
27183,ADVHS01,107,,,3600,13000,ADVHS01.7
27183,E1201,106,,,3600,13000,E1201.6
27183,H1206,101,,,3600,13000,H1206.1
27183,I1212,102,,,3602,13000,I1212.2
27183,I1213,102,,,3601,13000,I1213.2
27183,J1203,103,,,3600,13000,J1203.3
27183,L1304,103,,,3600,13000,L1304.3
27183,OB1520,101,,,3600,13000,OB1520.1
27123,ADVHS01,135,,,3600,13000,ADVHS01.35
27123,C0907,101,,,3600,13000,C0907.1
27123,E1201,103,,,3600,13000,E1201.3
27123,G1201,101,,,3600,13000,G1201.1
27123,L1301,101,,,3600,13000,L1301.1
27123,OA1318,101,,,3600,13000,OA1318.1
27123,OH1306,103,,,3600,13000,OH1306.3
27123,OI1305,104,,,3600,13000,OI1305.4
27174,ADVHS01,128,,,3600,13000,ADVHS01.28
27174,E1201,106,,,3600,13000,E1201.6
27174,G1202,101,,,3600,13000,G1202.1
27174,J1203,102,,,3600,13000,J1203.2
27174,L1304,103,,,3600,13000,L1304.3
27174,OA1318,101,,,3600,13000,OA1318.1
27174,OH1306,101,,,3600,13000,OH1306.1
27174,OI1305,103,,,3600,13000,OI1305.3
27086,A1204,101,,,3600,13000,A1204.1
27086,ADVHS01,123,,,3600,13000,ADVHS01.23
27086,E1201,105,,,3600,13000,E1201.5
27086,G1201,106,,,3600,13000,G1201.6
27086,I1212,104,,,3602,13000,I1212.4
27086,I1213,104,,,3601,13000,I1213.4
27086,OC1310,103,,,3600,13000,OC1310.3
27086,OH1306,101,,,3600,13000,OH1306.1
27051,A1204,101,,,3600,13000,A1204.1
27051,ADVHS01,110,,,3600,13000,ADVHS01.10
27051,E1201,105,,,3600,13000,E1201.5
27051,G1201,106,,,3600,13000,G1201.6
27051,J1203,103,,,3600,13000,J1203.3
27051,L1304,104,,,3600,13000,L1304.4
27051,OH1306,102,,,3600,13000,OH1306.2
27051,OI1305,103,,,3600,13000,OI1305.3
27127,ADVHS01,101,,,3600,13000,ADVHS01.1
27127,E1201,104,,,3600,13000,E1201.4
27127,G1201,106,,,3600,13000,G1201.6
27127,I1204,102,,,3600,13000,I1204.2
27127,L1304,102,,,3600,13000,L1304.2
27127,OA1322,102,,,3600,13000,OA1322.2
27127,OH1306,102,,,3600,13000,OH1306.2
27127,OJ1203,101,,,3600,13000,OJ1203.1
26040,A1204,101,,,3600,13000,A1204.1
26040,ADVHS01,125,,,3600,13000,ADVHS01.25
26040,E1201,101,,,3600,13000,E1201.1
26040,G1201,104,,,3600,13000,G1201.4
26040,I1212,102,,,3602,13000,I1212.2
26040,I1213,102,,,3601,13000,I1213.2
26040,J1203,101,,,3600,13000,J1203.1
26040,OH1501,102,,,3600,13000,OH1501.2
26040,OI1303,102,,,3600,13000,OI1303.2
26040,OI1305,102,,,3600,13000,OI1305.2
27053,A1204,101,,,3600,13000,A1204.1
27053,ADVHS01,122,,,3600,13000,ADVHS01.22
27053,E1201,103,,,3600,13000,E1201.3
27053,G1201,102,,,3600,13000,G1201.2
27053,I1212,103,,,3602,13000,I1212.3
27053,I1213,103,,,3601,13000,I1213.3
27053,J1203,105,,,3600,13000,J1203.5
27053,OH1306,102,,,3600,13000,OH1306.2
27053,OI1303,102,,,3600,13000,OI1303.2
27091,ADVHS01,101,,,3600,13000,ADVHS01.1
27091,C0907,101,,,3600,13000,C0907.1
27091,E1201,106,,,3600,13000,E1201.6
27091,G1201,103,,,3600,13000,G1201.3
27091,I1212,104,,,3602,13000,I1212.4
27091,I1213,104,,,3601,13000,I1213.4
27091,J1203,104,,,3600,13000,J1203.4
27091,OA1317,101,,,3600,13000,OA1317.1
27091,OH1306,103,,,3600,13000,OH1306.3
27091,OI1305,105,,,3600,13000,OI1305.5
26009,A1204,102,,,3600,13000,A1204.2
26009,ADVHS01,115,,,3600,13000,ADVHS01.15
26009,E1201,106,,,3600,13000,E1201.6
26009,G1201,105,,,3600,13000,G1201.5
26009,I1212,102,,,3602,13000,I1212.2
26009,I1213,102,,,3601,13000,I1213.2
26009,J1203,103,,,3600,13000,J1203.3
26009,OC1310,101,,,3600,13000,OC1310.1
26009,OH1501,101,,,3600,13000,OH1501.1
27043,A1204,102,,,3600,13000,A1204.2
27043,ADVHS01,129,,,3600,13000,ADVHS01.29
27043,E1201,105,,,3600,13000,E1201.5
27043,G1201,106,,,3600,13000,G1201.6
27043,I1212,101,,,3602,13000,I1212.1
27043,I1213,101,,,3601,13000,I1213.1
27043,L1304,101,,,3600,13000,L1304.1
27043,OB1520,101,,,3600,13000,OB1520.1
27043,OH1501,101,,,3600,13000,OH1501.1
27079,ADVHS01,118,,,3600,13000,ADVHS01.18
27079,E1201,104,,,3600,13000,E1201.4
27079,G1201,103,,,3600,13000,G1201.3
27079,I1212,103,,,3602,13000,I1212.3
27079,I1213,103,,,3601,13000,I1213.3
27079,OA1322,101,,,3600,13000,OA1322.1
27079,OB1520,102,,,3600,13000,OB1520.2
27079,OH1501,102,,,3600,13000,OH1501.2
27079,OI1303,102,,,3600,13000,OI1303.2
27111,ADVHS01,124,,,3600,13000,ADVHS01.24
27111,E1201,104,,,3600,13000,E1201.4
27111,G1201,103,,,3600,13000,G1201.3
27111,I1212,101,,,3602,13000,I1212.1
27111,I1213,101,,,3601,13000,I1213.1
27111,J1203,101,,,3600,13000,J1203.1
27111,OA1318,101,,,3600,13000,OA1318.1
27111,OH1501,101,,,3600,13000,OH1501.1
27111,OI1303,102,,,3600,13000,OI1303.2
27111,OI1305,104,,,3600,13000,OI1305.4
27073,ADVHS01,104,,,3600,13000,ADVHS01.4
27073,E1201,102,,,3600,13000,E1201.2
27073,G1201,102,,,3600,13000,G1201.2
27073,I1212,102,,,3602,13000,I1212.2
27073,I1213,102,,,3601,13000,I1213.2
27073,OA1317,101,,,3600,13000,OA1317.1
27073,OB1520,102,,,3600,13000,OB1520.2
27028,A1204,102,,,3600,13000,A1204.2
27028,ADVHS01,107,,,3600,13000,ADVHS01.7
27028,E1201,103,,,3600,13000,E1201.3
27028,G1201,106,,,3600,13000,G1201.6
27028,I1204,101,,,3600,13000,I1204.1
27028,L1303,101,,,3600,13000,L1303.1
27028,OH1501,101,,,3600,13000,OH1501.1
27139,A1204,101,,,3600,13000,A1204.1
27139,ADVHS01,118,,,3600,13000,ADVHS01.18
27139,E1201,103,,,3600,13000,E1201.3
27139,G1202,101,,,3600,13000,G1202.1
27139,I1208,101,,,3600,13000,I1208.1
27139,J1203,104,,,3600,13000,J1203.4
27139,L1304,102,,,3600,13000,L1304.2
27139,OH1501,101,,,3600,13000,OH1501.1
27139,OI1303,102,,,3600,13000,OI1303.2
27046,ADVHS01,116,,,3600,13000,ADVHS01.16
27046,E1201,101,,,3600,13000,E1201.1
27046,G1201,103,,,3600,13000,G1201.3
27046,J1203,103,,,3600,13000,J1203.3
27046,L1301,102,,,3600,13000,L1301.2
27046,OA1322,101,,,3600,13000,OA1322.1
27046,OC1310,101,,,3600,13000,OC1310.1
27046,OH1501,102,,,3600,13000,OH1501.2
27046,OI1303,102,,,3600,13000,OI1303.2
27129,ADVHS01,111,,,3600,13000,ADVHS01.11
27129,E1201,105,,,3600,13000,E1201.5
27129,G1201,101,,,3600,13000,G1201.1
27129,I1204,102,,,3600,13000,I1204.2
27129,I1215,101,,,3600,13000,I1215.1
27129,J1203,105,,,3600,13000,J1203.5
27129,L1304,104,,,3600,13000,L1304.4
27129,OH1306,101,,,3600,13000,OH1306.1
27151,ADVHS01,130,,,3600,13000,ADVHS01.30
27151,E1201,104,,,3600,13000,E1201.4
27151,G1201,104,,,3600,13000,G1201.4
27151,OA1317,101,,,3600,13000,OA1317.1
27151,OH1306,102,,,3600,13000,OH1306.2
27151,OI1303,101,,,3600,13000,OI1303.1
27151,OZ1313,101,,,3600,13000,OZ1313.1
27148,A1204,103,,,3600,13000,A1204.3
27148,ADVHS01,136,,,3600,13000,ADVHS01.36
27148,E1201,105,,,3600,13000,E1201.5
27148,L1304,104,,,3600,13000,L1304.4
27148,OC1314,101,,,3600,13000,OC1314.1
27148,OI1305,105,,,3600,13000,OI1305.5
27001,ADVHS01,127,,,3600,13000,ADVHS01.27
27001,E1201,106,,,3600,13000,E1201.6
27001,G1201,104,,,3600,13000,G1201.4
27001,L1304,102,,,3600,13000,L1304.2
27001,OA1318,101,,,3600,13000,OA1318.1
27001,OB1520,101,,,3600,13000,OB1520.1
27001,OH1306,102,,,3600,13000,OH1306.2
27001,OI1305,103,,,3600,13000,OI1305.3
27093,A1204,101,,,3600,13000,A1204.1
27093,ADVHS01,105,,,3600,13000,ADVHS01.5
27093,E1201,101,,,3600,13000,E1201.1
27093,G1201,106,,,3600,13000,G1201.6
27093,I1208,101,,,3600,13000,I1208.1
27093,J1203,103,,,3600,13000,J1203.3
27093,L1304,102,,,3600,13000,L1304.2
27093,OH1501,101,,,3600,13000,OH1501.1
27138,ADVHS01,108,,,3600,13000,ADVHS01.8
27138,E1201,102,,,3600,13000,E1201.2
27138,G1201,103,,,3600,13000,G1201.3
27138,J1203,105,,,3600,13000,J1203.5
27138,L1304,101,,,3600,13000,L1304.1
27138,OC1310,101,,,3600,13000,OC1310.1
27138,OH1501,102,,,3600,13000,OH1501.2
27138,OI1305,105,,,3600,13000,OI1305.5
27138,OZ1207,102,,,3600,13000,OZ1207.2
28120,ADVHS01,134,,,3600,13000,ADVHS01.34
28120,E1201,105,,,3600,13000,E1201.5
28120,G1201,106,,,3600,13000,G1201.6
28120,I1204,101,,,3600,13000,I1204.1
28120,J1203,105,,,3600,13000,J1203.5
28120,L1304,103,,,3600,13000,L1304.3
28120,OH1306,101,,,3600,13000,OH1306.1
28120,OI1303,101,,,3600,13000,OI1303.1
26024,ADVHS01,116,,,3600,13000,ADVHS01.16
26024,E1201,101,,,3600,13000,E1201.1
26024,G1201,106,,,3600,13000,G1201.6
26024,J1203,101,,,3600,13000,J1203.1
26024,L1302,101,,,3600,13000,L1302.1
26024,OA1322,102,,,3600,13000,OA1322.2
26024,OH1306,103,,,3600,13000,OH1306.3
26024,OI1303,101,,,3600,13000,OI1303.1
26024,OI1305,102,,,3600,13000,OI1305.2
27101,ADVHS01,118,,,3600,13000,ADVHS01.18
27101,E1201,102,,,3600,13000,E1201.2
27101,G1201,101,,,3600,13000,G1201.1
27101,H1206,101,,,3600,13000,H1206.1
27101,J1203,102,,,3600,13000,J1203.2
27101,L1303,101,,,3600,13000,L1303.1
27101,OA1322,102,,,3600,13000,OA1322.2
27101,OB1520,101,,,3600,13000,OB1520.1
27061,A1204,103,,,3600,13000,A1204.3
27061,ADVHS01,126,,,3600,13000,ADVHS01.26
27061,E1201,102,,,3600,13000,E1201.2
27061,G1201,105,,,3600,13000,G1201.5
27061,J1203,103,,,3600,13000,J1203.3
27061,L1303,101,,,3600,13000,L1303.1
27061,OH1501,102,,,3600,13000,OH1501.2
27169,A1204,101,,,3600,13000,A1204.1
27169,ADVHS01,114,,,3600,13000,ADVHS01.14
27169,E1201,102,,,3600,13000,E1201.2
27169,G1201,102,,,3600,13000,G1201.2
27169,J1203,101,,,3600,13000,J1203.1
27169,L1302,102,,,3600,13000,L1302.2
27169,OH1306,103,,,3600,13000,OH1306.3
27169,OI1303,102,,,3600,13000,OI1303.2
27050,A1204,102,,,3600,13000,A1204.2
27050,ADVHS01,115,,,3600,13000,ADVHS01.15
27050,E1201,105,,,3600,13000,E1201.5
27050,G1201,105,,,3600,13000,G1201.5
27050,J1203,104,,,3600,13000,J1203.4
27050,L1304,103,,,3600,13000,L1304.3
27050,OH1306,101,,,3600,13000,OH1306.1
27050,OI1303,102,,,3600,13000,OI1303.2
27050,OI1305,103,,,3600,13000,OI1305.3
27092,A1204,102,,,3600,13000,A1204.2
27092,ADVHS01,120,,,3600,13000,ADVHS01.20
27092,E1201,105,,,3600,13000,E1201.5
27092,G1201,106,,,3600,13000,G1201.6
27092,J1203,105,,,3600,13000,J1203.5
27092,L1304,101,,,3600,13000,L1304.1
27092,OH1306,102,,,3600,13000,OH1306.2
27092,OI1305,101,,,3600,13000,OI1305.1
27038,A1204,102,,,3600,13000,A1204.2
27038,ADVHS01,104,,,3600,13000,ADVHS01.4
27038,E1201,104,,,3600,13000,E1201.4
27038,G1201,106,,,3600,13000,G1201.6
27038,J1203,104,,,3600,13000,J1203.4
27038,L1302,101,,,3600,13000,L1302.1
27038,OC1310,101,,,3600,13000,OC1310.1
27038,OH1306,101,,,3600,13000,OH1306.1
27038,OI1305,102,,,3600,13000,OI1305.2
27113,A1204,102,,,3600,13000,A1204.2
27113,ADVHS01,109,,,3600,13000,ADVHS01.9
27113,E1201,102,,,3600,13000,E1201.2
27113,G1201,103,,,3600,13000,G1201.3
27113,I1208,101,,,3600,13000,I1208.1
27113,L1301,103,,,3600,13000,L1301.3
27113,OZ1313,101,,,3600,13000,OZ1313.1
27078,ADVHS01,103,,,3600,13000,ADVHS01.3
27078,C0907,101,,,3600,13000,C0907.1
27078,E1201,105,,,3600,13000,E1201.5
27078,G1201,103,,,3600,13000,G1201.3
27078,J1203,103,,,3600,13000,J1203.3
27078,L1304,102,,,3600,13000,L1304.2
27078,OA1318,101,,,3600,13000,OA1318.1
27078,OI1305,103,,,3600,13000,OI1305.3
26154,A1204,101,,,3600,13000,A1204.1
26154,ADVHS01,115,,,3600,13000,ADVHS01.15
26154,E1201,101,,,3600,13000,E1201.1
26154,G1201,106,,,3600,13000,G1201.6
26154,J1203,101,,,3600,13000,J1203.1
26154,L1304,103,,,3600,13000,L1304.3
26154,OH1306,103,,,3600,13000,OH1306.3
26154,OI1303,101,,,3600,13000,OI1303.1
26154,OI1305,101,,,3600,13000,OI1305.1
27179,A1204,103,,,3600,13000,A1204.3
27179,ADVHS01,104,,,3600,13000,ADVHS01.4
27179,E1201,102,,,3600,13000,E1201.2
27179,G1201,102,,,3600,13000,G1201.2
27179,J1203,101,,,3600,13000,J1203.1
27179,L1302,102,,,3600,13000,L1302.2
27179,OH1306,103,,,3600,13000,OH1306.3
27179,OJ1203,101,,,3600,13000,OJ1203.1
27163,ADVHS01,105,,,3600,13000,ADVHS01.5
27163,E1201,102,,,3600,13000,E1201.2
27163,G1201,106,,,3600,13000,G1201.6
27163,J1203,104,,,3600,13000,J1203.4
27163,L1301,102,,,3600,13000,L1301.2
27163,OH1306,101,,,3600,13000,OH1306.1
27163,OI1303,101,,,3600,13000,OI1303.1
27163,OJ1204,101,,,3600,13000,OJ1204.1
27063,ADVHS01,112,,,3600,13000,ADVHS01.12
27063,E1201,105,,,3600,13000,E1201.5
27063,G1201,101,,,3600,13000,G1201.1
27063,L1304,103,,,3600,13000,L1304.3
27063,OA1318,101,,,3600,13000,OA1318.1
27063,OB1520,102,,,3600,13000,OB1520.2
27063,OH1306,103,,,3600,13000,OH1306.3
27063,OI1305,104,,,3600,13000,OI1305.4
27032,ADVHS01,117,,,3600,13000,ADVHS01.17
27032,E1201,101,,,3600,13000,E1201.1
27032,G1201,102,,,3600,13000,G1201.2
27032,J1203,103,,,3600,13000,J1203.3
27032,L1304,103,,,3600,13000,L1304.3
27032,OC1310,102,,,3600,13000,OC1310.2
27032,OH1306,103,,,3600,13000,OH1306.3
27060,ADVHS01,106,,,3600,13000,ADVHS01.6
27060,E1201,104,,,3600,13000,E1201.4
27060,G1201,106,,,3600,13000,G1201.6
27060,J1203,102,,,3600,13000,J1203.2
27060,L1302,101,,,3600,13000,L1302.1
27060,OA1318,101,,,3600,13000,OA1318.1
27060,OH1501,101,,,3600,13000,OH1501.1
27060,OI1305,101,,,3600,13000,OI1305.1
27126,A1204,103,,,3600,13000,A1204.3
27126,ADVHS01,121,,,3600,13000,ADVHS01.21
27126,E1201,101,,,3600,13000,E1201.1
27126,G1201,104,,,3600,13000,G1201.4
27126,J1203,105,,,3600,13000,J1203.5
27126,L1302,101,,,3600,13000,L1302.1
27126,OC1310,103,,,3600,13000,OC1310.3
27126,OH1501,102,,,3600,13000,OH1501.2
27124,ADVHS01,122,,,3600,13000,ADVHS01.22
27124,C0907,101,,,3600,13000,C0907.1
27124,E1201,106,,,3600,13000,E1201.6
27124,G1202,101,,,3600,13000,G1202.1
27124,I1208,101,,,3600,13000,I1208.1
27124,L1304,102,,,3600,13000,L1304.2
27124,OA1322,102,,,3600,13000,OA1322.2
27112,ADVHS01,114,,,3600,13000,ADVHS01.14
27112,E1201,101,,,3600,13000,E1201.1
27112,G1201,103,,,3600,13000,G1201.3
27112,J1203,105,,,3600,13000,J1203.5
27112,L1303,101,,,3600,13000,L1303.1
27112,OA1322,102,,,3600,13000,OA1322.2
27112,OC1305,103,,,3600,13000,OC1305.3
27112,OH1306,102,,,3600,13000,OH1306.2
27112,OI1303,101,,,3600,13000,OI1303.1
27134,ADVHS01,117,,,3600,13000,ADVHS01.17
27134,C0907,101,,,3600,13000,C0907.1
27134,E1201,104,,,3600,13000,E1201.4
27134,G1201,106,,,3600,13000,G1201.6
27134,L1304,102,,,3600,13000,L1304.2
27134,OA1304,101,,,3600,13000,OA1304.1
27134,OI1305,101,,,3600,13000,OI1305.1
27089,ADVHS01,114,,,3600,13000,ADVHS01.14
27089,E1201,105,,,3600,13000,E1201.5
27089,G1201,102,,,3600,13000,G1201.2
27089,I1204,101,,,3600,13000,I1204.1
27089,J1203,103,,,3600,13000,J1203.3
27089,L1304,101,,,3600,13000,L1304.1
27089,OA1322,101,,,3600,13000,OA1322.1
27089,OH1306,103,,,3600,13000,OH1306.3
27089,OI1303,102,,,3600,13000,OI1303.2
27026,A1204,102,,,3600,13000,A1204.2
27026,ADVHS01,121,,,3600,13000,ADVHS01.21
27026,E1201,101,,,3600,13000,E1201.1
27026,G1201,101,,,3600,13000,G1201.1
27026,J1203,101,,,3600,13000,J1203.1
27026,L1304,103,,,3600,13000,L1304.3
27026,OH1306,103,,,3600,13000,OH1306.3
27026,OI1305,101,,,3600,13000,OI1305.1
27026,OJ1203,101,,,3600,13000,OJ1203.1
27068,ADVHS01,135,,,3600,13000,ADVHS01.35
27068,E1201,101,,,3600,13000,E1201.1
27068,G1201,101,,,3600,13000,G1201.1
27068,L1304,102,,,3600,13000,L1304.2
27068,OA1304,101,,,3600,13000,OA1304.1
27068,OA1322,102,,,3600,13000,OA1322.2
27068,OH1306,103,,,3600,13000,OH1306.3
27068,OI1305,102,,,3600,13000,OI1305.2
27036,A1204,103,,,3600,13000,A1204.3
27036,ADVHS01,120,,,3600,13000,ADVHS01.20
27036,E1201,105,,,3600,13000,E1201.5
27036,G1201,104,,,3600,13000,G1201.4
27036,I1204,102,,,3600,13000,I1204.2
27036,J1203,105,,,3600,13000,J1203.5
27036,L1302,101,,,3600,13000,L1302.1
27036,OH1501,101,,,3600,13000,OH1501.1
27036,OI1303,101,,,3600,13000,OI1303.1
27172,ADVHS01,107,,,3600,13000,ADVHS01.7
27172,E1201,102,,,3600,13000,E1201.2
27172,G1201,102,,,3600,13000,G1201.2
27172,H1206,101,,,3600,13000,H1206.1
27172,I1208,101,,,3600,13000,I1208.1
27172,L1303,101,,,3600,13000,L1303.1
27172,OA1322,102,,,3600,13000,OA1322.2
27020,ADVHS01,122,,,3600,13000,ADVHS01.22
27020,E1201,103,,,3600,13000,E1201.3
27020,G1201,101,,,3600,13000,G1201.1
27020,J1203,102,,,3600,13000,J1203.2
27020,L1301,102,,,3600,13000,L1301.2
27020,OA1317,101,,,3600,13000,OA1317.1
27020,OC1305,101,,,3600,13000,OC1305.1
27020,OH1306,102,,,3600,13000,OH1306.2
27003,A1204,103,,,3600,13000,A1204.3
27003,ADVHS01,103,,,3600,13000,ADVHS01.3
27003,C0905,101,,,3600,13000,C0905.1
27003,E1201,104,,,3600,13000,E1201.4
27003,G1201,103,,,3600,13000,G1201.3
27003,J1203,101,,,3600,13000,J1203.1
27003,L1304,101,,,3600,13000,L1304.1
27003,OH1306,102,,,3600,13000,OH1306.2
27003,OI1305,104,,,3600,13000,OI1305.4
27002,A1204,103,,,3600,13000,A1204.3
27002,ADVHS01,110,,,3600,13000,ADVHS01.10
27002,E1201,102,,,3600,13000,E1201.2
27002,G1202,101,,,3600,13000,G1202.1
27002,I1208,101,,,3600,13000,I1208.1
27002,L1304,102,,,3600,13000,L1304.2
27002,OH1306,101,,,3600,13000,OH1306.1
27171,A1204,103,,,3600,13000,A1204.3
27171,ADVHS01,136,,,3600,13000,ADVHS01.36
27171,E1201,105,,,3600,13000,E1201.5
27171,G1201,103,,,3600,13000,G1201.3
27171,J1203,104,,,3600,13000,J1203.4
27171,L1304,104,,,3600,13000,L1304.4
27171,OC1314,101,,,3600,13000,OC1314.1
27171,OH1306,102,,,3600,13000,OH1306.2
27171,OI1305,105,,,3600,13000,OI1305.5
27109,ADVHS01,108,,,3600,13000,ADVHS01.8
27109,E1201,102,,,3600,13000,E1201.2
27109,G1201,102,,,3600,13000,G1201.2
27109,J1203,104,,,3600,13000,J1203.4
27109,L1303,101,,,3600,13000,L1303.1
27109,OA1322,102,,,3600,13000,OA1322.2
27109,OC1314,101,,,3600,13000,OC1314.1
26012,ADVHS01,136,,,3600,13000,ADVHS01.36
26012,E1201,103,,,3600,13000,E1201.3
26012,G1201,103,,,3600,13000,G1201.3
26012,J1203,102,,,3600,13000,J1203.2
26012,L1303,101,,,3600,13000,L1303.1
26012,OC1314,101,,,3600,13000,OC1314.1
26012,OI1305,102,,,3600,13000,OI1305.2
26012,OZ1207,102,,,3600,13000,OZ1207.2
27044,ADVHS01,129,,,3600,13000,ADVHS01.29
27044,E1201,104,,,3600,13000,E1201.4
27044,G1201,101,,,3600,13000,G1201.1
27044,J1203,104,,,3600,13000,J1203.4
27044,L1303,101,,,3600,13000,L1303.1
27044,OA1322,101,,,3600,13000,OA1322.1
27044,OH1306,101,,,3600,13000,OH1306.1
27044,OI1303,101,,,3600,13000,OI1303.1
27164,A1204,102,,,3600,13000,A1204.2
27164,ADVHS01,124,,,3600,13000,ADVHS01.24
27164,E1201,101,,,3600,13000,E1201.1
27164,G1201,103,,,3600,13000,G1201.3
27164,J1203,105,,,3600,13000,J1203.5
27164,L1304,103,,,3600,13000,L1304.3
27164,OI1305,101,,,3600,13000,OI1305.1
27080,A1204,103,,,3600,13000,A1204.3
27080,ADVHS01,136,,,3600,13000,ADVHS01.36
27080,E1201,105,,,3600,13000,E1201.5
27080,G1201,103,,,3600,13000,G1201.3
27080,J1203,104,,,3600,13000,J1203.4
27080,L1304,104,,,3600,13000,L1304.4
27080,OH1501,101,,,3600,13000,OH1501.1
27080,OI1305,105,,,3600,13000,OI1305.5
27029,A1204,101,,,3600,13000,A1204.1
27029,ADVHS01,126,,,3600,13000,ADVHS01.26
27029,E1201,101,,,3600,13000,E1201.1
27029,G1201,104,,,3600,13000,G1201.4
27029,I1208,101,,,3600,13000,I1208.1
27029,J1203,101,,,3600,13000,J1203.1
27029,L1304,102,,,3600,13000,L1304.2
27029,OH1501,101,,,3600,13000,OH1501.1
27029,OI1303,102,,,3600,13000,OI1303.2
27083,ADVHS01,111,,,3600,13000,ADVHS01.11
27083,E1201,106,,,3600,13000,E1201.6
27083,G1201,105,,,3600,13000,G1201.5
27083,J1203,102,,,3600,13000,J1203.2
27083,L1303,101,,,3600,13000,L1303.1
27083,OA1322,101,,,3600,13000,OA1322.1
27083,OC1305,101,,,3600,13000,OC1305.1
27083,OH1306,101,,,3600,13000,OH1306.1
27083,OI1305,103,,,3600,13000,OI1305.3
27132,ADVHS01,124,,,3600,13000,ADVHS01.24
27132,E1201,103,,,3600,13000,E1201.3
27132,G1201,101,,,3600,13000,G1201.1
27132,I1208,101,,,3600,13000,I1208.1
27132,J1203,101,,,3600,13000,J1203.1
27132,L1304,101,,,3600,13000,L1304.1
27132,OA1322,101,,,3600,13000,OA1322.1
27132,OI1303,101,,,3600,13000,OI1303.1
27048,ADVHS01,133,,,3600,13000,ADVHS01.33
27048,E1201,103,,,3600,13000,E1201.3
27048,G1201,101,,,3600,13000,G1201.1
27048,J1203,105,,,3600,13000,J1203.5
27048,L1304,104,,,3600,13000,L1304.4
27048,OA1317,101,,,3600,13000,OA1317.1
27048,OH1306,102,,,3600,13000,OH1306.2
27162,ADVHS01,111,,,3600,13000,ADVHS01.11
27162,E1201,104,,,3600,13000,E1201.4
27162,G1201,103,,,3600,13000,G1201.3
27162,L1304,103,,,3600,13000,L1304.3
27162,OC1310,102,,,3600,13000,OC1310.2
27162,OH1501,102,,,3600,13000,OH1501.2
27162,OI1305,105,,,3600,13000,OI1305.5
27147,ADVHS01,135,,,3600,13000,ADVHS01.35
27147,C0907,101,,,3600,13000,C0907.1
27147,E1201,103,,,3600,13000,E1201.3
27147,G1201,101,,,3600,13000,G1201.1
27147,I1204,102,,,3600,13000,I1204.2
27147,J1203,102,,,3600,13000,J1203.2
27147,L1301,101,,,3600,13000,L1301.1
27147,OH1306,103,,,3600,13000,OH1306.3
27076,A1204,101,,,3600,13000,A1204.1
27076,ADVHS01,119,,,3600,13000,ADVHS01.19
27076,C0905,101,,,3600,13000,C0905.1
27076,E1201,104,,,3600,13000,E1201.4
27076,G1201,102,,,3600,13000,G1201.2
27076,J1203,101,,,3600,13000,J1203.1
27076,L1304,101,,,3600,13000,L1304.1
27076,OI1305,102,,,3600,13000,OI1305.2
27095,A1204,102,,,3600,13000,A1204.2
27095,ADVHS01,103,,,3600,13000,ADVHS01.3
27095,E1201,102,,,3600,13000,E1201.2
27095,G1201,105,,,3600,13000,G1201.5
27095,I1208,101,,,3600,13000,I1208.1
27095,J1203,104,,,3600,13000,J1203.4
27095,L1303,101,,,3600,13000,L1303.1
27095,OH1306,101,,,3600,13000,OH1306.1
27095,OI1303,102,,,3600,13000,OI1303.2
27107,A1204,102,,,3600,13000,A1204.2
27107,ADVHS01,117,,,3600,13000,ADVHS01.17
27107,E1201,101,,,3600,13000,E1201.1
27107,G1201,103,,,3600,13000,G1201.3
27107,J1203,105,,,3600,13000,J1203.5
27107,L1303,101,,,3600,13000,L1303.1
27107,OC1310,102,,,3600,13000,OC1310.2
27107,OH1501,101,,,3600,13000,OH1501.1
27107,OI1305,101,,,3600,13000,OI1305.1
27146,ADVHS01,109,,,3600,13000,ADVHS01.9
27146,E1201,102,,,3600,13000,E1201.2
27146,G1201,101,,,3600,13000,G1201.1
27146,I1204,101,,,3600,13000,I1204.1
27146,J1203,101,,,3600,13000,J1203.1
27146,L1304,102,,,3600,13000,L1304.2
27146,OA1318,101,,,3600,13000,OA1318.1
27146,OB1520,102,,,3600,13000,OB1520.2
27096,ADVHS01,109,,,3600,13000,ADVHS01.9
27096,E1201,106,,,3600,13000,E1201.6
27096,G1201,102,,,3600,13000,G1201.2
27096,L1301,103,,,3600,13000,L1301.3
27096,OA1304,101,,,3600,13000,OA1304.1
27096,OC1310,103,,,3600,13000,OC1310.3
27096,OI1305,103,,,3600,13000,OI1305.3
27105,ADVHS01,102,,,3600,13000,ADVHS01.2
27105,E1201,106,,,3600,13000,E1201.6
27105,G1201,102,,,3600,13000,G1201.2
27105,J1203,105,,,3600,13000,J1203.5
27105,L1304,101,,,3600,13000,L1304.1
27105,OA1304,101,,,3600,13000,OA1304.1
27105,OH1501,101,,,3600,13000,OH1501.1
27105,OI1305,101,,,3600,13000,OI1305.1
27077,A1204,101,,,3600,13000,A1204.1
27077,ADVHS01,110,,,3600,13000,ADVHS01.10
27077,E1201,104,,,3600,13000,E1201.4
27077,G1201,101,,,3600,13000,G1201.1
27077,L1304,102,,,3600,13000,L1304.2
27077,OH1306,102,,,3600,13000,OH1306.2
27077,OI1305,101,,,3600,13000,OI1305.1
27110,A1204,101,,,3600,13000,A1204.1
27110,ADVHS01,113,,,3600,13000,ADVHS01.13
27110,E1201,101,,,3600,13000,E1201.1
27110,G1201,101,,,3600,13000,G1201.1
27110,J1203,101,,,3600,13000,J1203.1
27110,L1302,102,,,3600,13000,L1302.2
27110,OH1501,102,,,3600,13000,OH1501.2
27110,OI1305,102,,,3600,13000,OI1305.2
27030,ADVHS01,135,,,3600,13000,ADVHS01.35
27030,E1201,103,,,3600,13000,E1201.3
27030,G1201,101,,,3600,13000,G1201.1
27030,J1203,102,,,3600,13000,J1203.2
27030,L1304,101,,,3600,13000,L1304.1
27030,OH1306,103,,,3600,13000,OH1306.3
27030,OI1305,102,,,3600,13000,OI1305.2
27119,A1204,102,,,3600,13000,A1204.2
27119,ADVHS01,130,,,3600,13000,ADVHS01.30
27119,C0907,101,,,3600,13000,C0907.1
27119,E1201,106,,,3600,13000,E1201.6
27119,G1202,101,,,3600,13000,G1202.1
27119,I1208,101,,,3600,13000,I1208.1
27119,J1203,104,,,3600,13000,J1203.4
27119,OH1306,101,,,3600,13000,OH1306.1
27118,A1204,103,,,3600,13000,A1204.3
27118,ADVHS01,102,,,3600,13000,ADVHS01.2
27118,E1201,101,,,3600,13000,E1201.1
27118,G1201,103,,,3600,13000,G1201.3
27118,J1203,101,,,3600,13000,J1203.1
27118,L1301,103,,,3600,13000,L1301.3
27118,OC1305,104,,,3600,13000,OC1305.4
27118,OI1305,102,,,3600,13000,OI1305.2
