student_id,name,n_courses,section_ids,course_ids
29057,Student_29057,7,ADVHS01.36|B1001.2|C0904.1|G1004.6|H1001.4|I1211.1|OZ1323.1,ADVHS01|B1001|C0904|G1004|H1001|I1211|OZ1323
29037,Student_29037,8,A1006.7|ADVHS01.28|B1001.3|B1006.1|G1004.1|H1001.4|I1003.3|OZ1207.1,A1006|ADVHS01|B1001|B1006|G1004|H1001|I1003|OZ1207
26041,Student_26041,8,A1204.2|ADVHS01.22|E1201.1|G1201.4|J1203.3|L1304.1|OC1310.3|OH1501.2,A1204|ADVHS01|E1201|G1201|J1203|L1304|OC1310|OH1501
27090,Student_27090,8,ADVHS01.36|G1201.4|I1211.2|J1203.1|L1304.3|OA1317.1|OH1501.2|OI1303.2,ADVHS01|G1201|I1211|J1203|L1304|OA1317|OH1501|OI1303
29174,Student_29174,7,ADVHS01.25|B1001.7|G1004.6|I1214.3|OC1307.1|OI1003.2|OZ1323.1,ADVHS01|B1001|G1004|I1214|OC1307|OI1003|OZ1323
28110,Student_28110,10,A1105.5|ADVHS01.34|C0904.1|E1101.3|G1203.3|I1212.4|I1213.4|OB1520.2|OH1305.2|OI1003.4,A1105|ADVHS01|C0904|E1101|G1203|I1212|I1213|OB1520|OH1305|OI1003
30056,Student_30056,9,A0901.6|ADVHS01.36|B0901.6|E0901.4|G0901.5|H0904.7|I1003.6|J0901.1|OC1307.1,A0901|ADVHS01|B0901|E0901|G0901|H0904|I1003|J0901|OC1307
28070,Student_28070,9,A1105.2|ADVHS01.26|E1101.3|G1203.1|H1206.1|I1212.2|I1213.2|OC1307.1|OJ1203.2,A1105|ADVHS01|E1101|G1203|H1206|I1212|I1213|OC1307|OJ1203
27023,Student_27023,7,ADVHS01.33|E1201.4|G1201.3|H1201B.1|I1208.1|L1303.1|OC1314.1,ADVHS01|E1201|G1201|H1201B|I1208|L1303|OC1314
30051,Student_30051,8,A0901.6|ADVHS01.36|B0901.4|E0901.6|G0901.5|H0904.7|J0901.2|OC1307.1,A0901|ADVHS01|B0901|E0901|G0901|H0904|J0901|OC1307
30080,Student_30080,8,A0901.6|ADVHS01.33|B0901.7|G0901.7|H0904.5|I1003.6|J0903.3|OC1307.1,A0901|ADVHS01|B0901|G0901|H0904|I1003|J0903|OC1307
28108,Student_28108,8,A1105.2|ADVHS01.36|E1101.3|G1203.1|I1211.1|L1304.3|OH1305.3|OJ1203.1,A1105|ADVHS01|E1101|G1203|I1211|L1304|OH1305|OJ1203
28115,Student_28115,9,A1105.4|ADVHS01.36|E1101.5|G1203.1|L1301.1|OC1314.1|OH1401.1|OI1003.6|OJ1203.2,A1105|ADVHS01|E1101|G1203|L1301|OC1314|OH1401|OI1003|OJ1203
29043,Student_29043,9,A1006.4|ADVHS01.27|B1001.4|C0904.1|E1001.3|G1004.6|H1001.4|I1211.1|OZ1323.2,A1006|ADVHS01|B1001|C0904|E1001|G1004|H1001|I1211|OZ1323
29111,Student_29111,9,A1006.1|ADVHS01.34|B1001.2|B1006.2|E1001.1|G1004.6|H1001.4|I1211.2|OZ1207.2,A1006|ADVHS01|B1001|B1006|E1001|G1004|H1001|I1211|OZ1207
27015,Student_27015,8,ADVHS01.33|E1201.1|G1201.2|J1203.5|OA1304.1|OH1501.1|OI1003.2|OI1305.3,ADVHS01|E1201|G1201|J1203|OA1304|OH1501|OI1003|OI1305
27042,Student_27042,8,A1204.3|ADVHS01.31|E1201.6|G1201.2|J1203.1|L1304.1|OH1501.1|OI1305.3,A1204|ADVHS01|E1201|G1201|J1203|L1304|OH1501|OI1305
28158,Student_28158,8,ADVHS01.6|C0904.1|E1101.3|G1203.3|I1212.3|I1213.3|OA1319.1|OH1305.3,ADVHS01|C0904|E1101|G1203|I1212|I1213|OA1319|OH1305
30105,Student_30105,7,A0901.2|ADVHS01.9|B0901.6|C0904.4|E0901.4|H0904.6|J0903.1,A0901|ADVHS01|B0901|C0904|E0901|H0904|J0903
30107,Student_30107,9,A0901.6|ADVHS01.35|B0901.5|E0901.4|G0901.7|H0904.3|I1003.6|J0901.3|OC1305.1,A0901|ADVHS01|B0901|E0901|G0901|H0904|I1003|J0901|OC1305
30090,Student_30090,7,A0901.2|ADVHS01.35|C0904.4|E0901.4|G0901.1|H0904.6|J0903.1,A0901|ADVHS01|C0904|E0901|G0901|H0904|J0903
27067,Student_27067,9,A1204.3|ADVHS01.11|E1201.2|G1202.1|J1203.4|L1302.2|OC1310.1|OH1306.3|OI1305.2,A1204|ADVHS01|E1201|G1202|J1203|L1302|OC1310|OH1306|OI1305
27066,Student_27066,9,A1204.1|ADVHS01.30|E1201.2|G1201.2|J1203.2|L1303.1|OC1310.3|OH1306.1|OI1305.5,A1204|ADVHS01|E1201|G1201|J1203|L1303|OC1310|OH1306|OI1305
28177,Student_28177,8,ADVHS01.28|E1101.6|I1204.2|I1212.1|I1213.1|OA1317.1|OA1319.2|OC1306.1,ADVHS01|E1101|I1204|I1212|I1213|OA1317|OA1319|OC1306
27104,Student_27104,8,A1204.2|ADVHS01.30|E1201.5|G1201.6|J1203.5|L1304.3|OC1310.1|OH1501.1,A1204|ADVHS01|E1201|G1201|J1203|L1304|OC1310|OH1501
28094,Student_28094,9,A1105.5|ADVHS01.26|E1101.2|G1203.1|L1304.4|OC1310.3|OH1305.2|OI1003.2|OJ1203.1,A1105|ADVHS01|E1101|G1203|L1304|OC1310|OH1305|OI1003|OJ1203
27074,Student_27074,9,A1204.3|ADVHS01.28|E1201.4|G1201.3|I1204.1|J1203.2|L1303.1|OH1306.1|OI1303.2,A1204|ADVHS01|E1201|G1201|I1204|J1203|L1303|OH1306|OI1303
28020,Student_28020,9,ADVHS01.9|C0904.2|E1101.1|G1203.1|I1212.2|I1213.3|OA1319.1|OB1520.1|OH1305.3,ADVHS01|C0904|E1101|G1203|I1212|I1213|OA1319|OB1520|OH1305
30026,Student_30026,7,A0901.1|ADVHS01.24|B0901.7|E0901.6|G0901.7|H0904.2|J0903.3,A0901|ADVHS01|B0901|E0901|G0901|H0904|J0903
30104,Student_30104,9,A0901.4|ADVHS01.18|B0901.2|C0904.4|E0901.4|G0901.5|H0904.2|I1003.4|J0901.1,A0901|ADVHS01|B0901|C0904|E0901|G0901|H0904|I1003|J0901
30075,Student_30075,8,A0901.4|ADVHS01.34|C0904.2|E0901.5|G0901.3|H0904.3|I1003.6|J0901.3,A0901|ADVHS01|C0904|E0901|G0901|H0904|I1003|J0901
30012,Student_30012,9,A0901.6|ADVHS01.12|B0901.5|E0901.3|G0901.3|H0904.5|I1003.7|J0903.1|OC1307.1,A0901|ADVHS01|B0901|E0901|G0901|H0904|I1003|J0903|OC1307
30087,Student_30087,9,A0901.4|ADVHS01.16|B0901.5|E0901.3|G0901.3|H0904.2|I1003.4|J0901.1|OC1306.1,A0901|ADVHS01|B0901|E0901|G0901|H0904|I1003|J0901|OC1306
30050,Student_30050,9,A0901.3|ADVHS01.13|B0901.5|E0901.4|G0901.1|H0904.2|I0903.1|J0903.2|OC1305.4,A0901|ADVHS01|B0901|E0901|G0901|H0904|I0903|J0903|OC1305
27180,Student_27180,9,ADVHS01.10|B1001.7|E1201.2|G1201.6|J1203.2|L1304.1|OH1306.2|OI1305.5|OZ1207.2,ADVHS01|B1001|E1201|G1201|J1203|L1304|OH1306|OI1305|OZ1207
28075,Student_28075,10,A1105.5|ADVHS01.32|E1101.6|G1203.2|I1204.2|I1212.4|I1213.4|L1301.3|OC1310.2|OH1305.2,A1105|ADVHS01|E1101|G1203|I1204|I1212|I1213|L1301|OC1310|OH1305
29073,Student_29073,9,A1006.6|ADVHS01.35|B1001.6|B1006.2|C0907.1|E1001.1|G1004.1|I1211.2|I1214.1,A1006|ADVHS01|B1001|B1006|C0907|E1001|G1004|I1211|I1214
30169,Student_30169,8,A0901.1|ADVHS01.34|B0901.7|E0901.6|G0901.5|H0904.2|I1003.6|OC1305.4,A0901|ADVHS01|B0901|E0901|G0901|H0904|I1003|OC1305
30032,Student_30032,8,A0901.5|ADVHS01.5|B0901.1|E0901.1|G0901.5|I0903.2|J0903.2|OC1305.4,A0901|ADVHS01|B0901|E0901|G0901|I0903|J0903|OC1305
29118,Student_29118,7,A1006.6|ADVHS01.9|B1001.4|G1004.1|H1001.1|I1211.2|OZ1323.2,A1006|ADVHS01|B1001|G1004|H1001|I1211|OZ1323
29038,Student_29038,7,A1006.4|ADVHS01.32|B1001.3|B1006.1|E1001.5|I1003.5|VHS0052.2,A1006|ADVHS01|B1001|B1006|E1001|I1003|VHS0052
29108,Student_29108,8,A1006.5|ADVHS01.15|B1001.6|E1001.4|G1004.4|H1206.1|I1003.2|OZ1323.1,A1006|ADVHS01|B1001|E1001|G1004|H1206|I1003|OZ1323
28113,Student_28113,9,A1105.1|ADVHS01.30|C0905.1|E1101.6|G1203.3|I1212.4|I1213.4|L1301.2|OI1305.1,A1105|ADVHS01|C0905|E1101|G1203|I1212|I1213|L1301|OI1305
28160,Student_28160,8,A1006.4|ADVHS01.4|B1001.6|B1006.2|E1001.5|G1004.7|H1001.2|I1003.1,A1006|ADVHS01|B1001|B1006|E1001|G1004|H1001|I1003
28095,Student_28095,10,A1105.5|ADVHS01.32|E1101.6|I1212.1|I1213.1|L1304.4|OC1310.2|OH1305.3|OI1305.4|VHS0052.1,A1105|ADVHS01|E1101|I1212|I1213|L1304|OC1310|OH1305|OI1305|VHS0052
28006,Student_28006,9,A1006.7|ADVHS01.18|B1001.6|B1006.2|E1001.3|G1004.2|I1214.1|OC1305.1|OI1003.5,A1006|ADVHS01|B1001|B1006|E1001|G1004|I1214|OC1305|OI1003
28038,Student_28038,9,A1105.2|ADVHS01.33|E1101.5|G1203.2|L1302.1|OA1304.1|OC1305.2|OH1401.2|OI1305.4,A1105|ADVHS01|E1101|G1203|L1302|OA1304|OC1305|OH1401|OI1305
27141,Student_27141,8,A1204.2|ADVHS01.30|E1201.6|J1203.1|L1301.3|OC1310.3|OH1501.1|OI1303.2,A1204|ADVHS01|E1201|J1203|L1301|OC1310|OH1501|OI1303
27116,Student_27116,8,A1204.3|ADVHS01.3|E1201.2|G1201.5|I1204.1|L1301.1|OB1532.1|OH1501.2,A1204|ADVHS01|E1201|G1201|I1204|L1301|OB1532|OH1501
28090,Student_28090,9,ADVHS01.21|E1101.1|I1212.3|I1213.3|L1301.3|OA1319.1|OC1305.4|OI1305.5|VHS0052.2,ADVHS01|E1101|I1212|I1213|L1301|OA1319|OC1305|OI1305|VHS0052
29007,Student_29007,8,A1006.7|ADVHS01.29|B1001.3|G1004.5|H1001.2|I1003.7|OC1305.2|OZ1323.3,A1006|ADVHS01|B1001|G1004|H1001|I1003|OC1305|OZ1323
29156,Student_29156,8,A1006.1|ADVHS01.33|B1001.1|E1001.2|G1004.7|H1001.4|OI1003.3|OZ1207.2,A1006|ADVHS01|B1001|E1001|G1004|H1001|OI1003|OZ1207
28121,Student_28121,10,A1105.2|ADVHS01.25|E1101.3|H1206.1|I1212.2|I1213.2|OB1520.2|OC1305.2|OJ1203.2|VHS0052.2,A1105|ADVHS01|E1101|H1206|I1212|I1213|OB1520|OC1305|OJ1203|VHS0052
27041,Student_27041,8,ADVHS01.14|E1101.3|G1203.4|I1204.1|L1301.1|OA1319.1|OC1314.1|OH1305.3,ADVHS01|E1101|G1203|I1204|L1301|OA1319|OC1314|OH1305
28004,Student_28004,9,A1105.3|ADVHS01.8|E1101.5|G1203.4|L1302.2|L1304.4|OC1310.1|OH1401.2|OI1003.2,A1105|ADVHS01|E1101|G1203|L1302|L1304|OC1310|OH1401|OI1003
28169,Student_28169,8,A1105.5|ADVHS01.8|E1101.4|G1202.1|OC1307.1|OH1305.2|OI1003.4|OJ1306.1,A1105|ADVHS01|E1101|G1202|OC1307|OH1305|OI1003|OJ1306
29020,Student_29020,8,A1006.4|ADVHS01.16|B1001.5|B1006.2|E1001.3|G1004.5|H1001.2|I1003.3,A1006|ADVHS01|B1001|B1006|E1001|G1004|H1001|I1003
28142,Student_28142,9,A1105.4|ADVHS01.2|E1101.1|I1212.3|I1213.3|OC1310.1|OI1305.4|OJ1203.1|VHS0052.1,A1105|ADVHS01|E1101|I1212|I1213|OC1310|OI1305|OJ1203|VHS0052
28104,Student_28104,9,A1105.5|ADVHS01.21|E1101.3|I1212.4|I1213.4|L1304.3|OC1310.2|OI1305.4|VHS0052.1,A1105|ADVHS01|E1101|I1212|I1213|L1304|OC1310|OI1305|VHS0052
27058,Student_27058,8,A1105.1|ADVHS01.30|E1101.1|H1206.1|OA1304.1|OC1305.1|OI1003.2|VHS0052.2,A1105|ADVHS01|E1101|H1206|OA1304|OC1305|OI1003|VHS0052
28093,Student_28093,9,ADVHS01.36|C0904.1|E1101.2|G1203.3|H1206.2|I1212.3|I1213.3|OA1319.1|OI1305.4,ADVHS01|C0904|E1101|G1203|H1206|I1212|I1213|OA1319|OI1305
29036,Student_29036,8,A1006.7|ADVHS01.33|B1001.4|E1001.3|G1004.2|I1003.4|OC1305.2|OZ1323.4,A1006|ADVHS01|B1001|E1001|G1004|I1003|OC1305|OZ1323
27140,Student_27140,9,A1204.3|ADVHS01.36|C0907.1|E1201.4|G1201.4|J1203.5|L1303.1|OH1501.1|OI1305.2,A1204|ADVHS01|C0907|E1201|G1201|J1203|L1303|OH1501|OI1305
28056,Student_28056,9,A1105.5|ADVHS01.19|C0904.2|E1101.4|G1203.3|L1301.2|OH1305.3|OI1003.2|OJ1204.1,A1105|ADVHS01|C0904|E1101|G1203|L1301|OH1305|OI1003|OJ1204
29149,Student_29149,8,A1006.7|ADVHS01.29|B1001.7|E1001.5|G1004.3|H1206.1|I1211.2|OZ1323.5,A1006|ADVHS01|B1001|E1001|G1004|H1206|I1211|OZ1323
27120,Student_27120,8,ADVHS01.10|E1201.1|G1201.5|I1208.1|L1301.3|OA1317.1|OC1310.3|OH1501.2,ADVHS01|E1201|G1201|I1208|L1301|OA1317|OC1310|OH1501
27103,Student_27103,7,A1204.1|ADVHS01.29|E1201.1|G1201.5|OH1501.2|OI1303.2|OI1305.4,A1204|ADVHS01|E1201|G1201|OH1501|OI1303|OI1305
27027,Student_27027,9,A1204.1|ADVHS01.33|E1201.2|G1201.2|J1203.1|L1302.1|OC1310.3|OH1501.1|OI1305.2,A1204|ADVHS01|E1201|G1201|J1203|L1302|OC1310|OH1501|OI1305
29103,Student_29103,8,A1006.7|ADVHS01.31|B1001.3|G1004.5|I1003.5|I1214.2|OZ1207.2|OZ1323.3,A1006|ADVHS01|B1001|G1004|I1003|I1214|OZ1207|OZ1323
28097,Student_28097,10,A1105.4|ADVHS01.13|E1101.1|G1203.4|H1206.2|I1212.1|I1213.1|L1301.2|OC1305.4|OI1305.3,A1105|ADVHS01|E1101|G1203|H1206|I1212|I1213|L1301|OC1305|OI1305
28112,Student_28112,9,ADVHS01.27|E1101.4|I1204.2|I1212.2|I1213.1|OA1319.1|OC1305.4|OJ1203.2|VHS0052.2,ADVHS01|E1101|I1204|I1212|I1213|OA1319|OC1305|OJ1203|VHS0052
29041,Student_29041,8,ADVHS01.18|B1001.6|B1006.1|E1001.1|G1004.5|H1206.2|I1003.4|OZ1207.1,ADVHS01|B1001|B1006|E1001|G1004|H1206|I1003|OZ1207
30120,Student_30120,7,A0901.6|ADVHS01.19|B0901.6|E0901.2|H0904.6|I1003.5|J0901.1,A0901|ADVHS01|B0901|E0901|H0904|I1003|J0901
29056,Student_29056,8,A1006.6|ADVHS01.15|B1001.3|B1006.2|E1001.5|G1004.2|I1003.4|I1214.3,A1006|ADVHS01|B1001|B1006|E1001|G1004|I1003|I1214
27007,Student_27007,9,A1105.2|ADVHS01.36|E1101.4|G1203.2|L1301.2|L1302.1|OC1310.3|OH1305.3|OI1305.4,A1105|ADVHS01|E1101|G1203|L1301|L1302|OC1310|OH1305|OI1305
28181,Student_28181,8,A1105.3|ADVHS01.23|E1101.6|G1203.1|I1212.4|I1213.4|OC1314.1|OI1003.2,A1105|ADVHS01|E1101|G1203|I1212|I1213|OC1314|OI1003
29145,Student_29145,8,A1006.4|ADVHS01.11|B1001.3|C0904.1|E1001.1|G1004.7|H1001.4|I1003.5,A1006|ADVHS01|B1001|C0904|E1001|G1004|H1001|I1003
28084,Student_28084,10,A1105.4|ADVHS01.26|C0905.1|E1101.5|G1203.3|H1206.1|I1204.1|I1212.2|I1213.2|OJ1203.2,A1105|ADVHS01|C0905|E1101|G1203|H1206|I1204|I1212|I1213|OJ1203
30047,Student_30047,8,A0901.1|ADVHS01.28|B0901.7|E0901.2|G0901.4|H0904.6|I1003.6|OC1305.1,A0901|ADVHS01|B0901|E0901|G0901|H0904|I1003|OC1305
30114,Student_30114,9,A0901.1|ADVHS01.31|B0901.7|C0904.4|E0901.6|G0901.7|H0904.6|I0903.2|J0901.2,A0901|ADVHS01|B0901|C0904|E0901|G0901|H0904|I0903|J0901
30014,Student_30014,8,A0901.6|ADVHS01.20|E0901.6|G0901.5|H0904.1|I0903.1|J0903.2|OC1305.4,A0901|ADVHS01|E0901|G0901|H0904|I0903|J0903|OC1305
30112,Student_30112,9,A0901.1|ADVHS01.27|B0901.6|E0901.3|G0901.7|H0904.1|I0903.2|J0903.3|OC1306.1,A0901|ADVHS01|B0901|E0901|G0901|H0904|I0903|J0903|OC1306
30002,Student_30002,9,A0901.6|ADVHS01.13|B0901.5|E0901.3|G0901.1|H0904.3|I1003.5|J0903.1|OC1306.1,A0901|ADVHS01|B0901|E0901|G0901|H0904|I1003|J0903|OC1306
29040,Student_29040,8,A1006.6|ADVHS01.2|B1001.1|E1001.1|G1004.2|I1214.1|OC1305.2|OI1003.6,A1006|ADVHS01|B1001|E1001|G1004|I1214|OC1305|OI1003
29137,Student_29137,8,A1006.3|ADVHS01.1|B1001.2|E1001.5|G1004.6|H1001.3|I1003.4|OZ1323.5,A1006|ADVHS01|B1001|E1001|G1004|H1001|I1003|OZ1323
29120,Student_29120,9,A1006.1|ADVHS01.31|B1001.5|B1006.2|E1001.3|G1004.2|H1001.1|I1003.3|OC1310.1,A1006|ADVHS01|B1001|B1006|E1001|G1004|H1001|I1003|OC1310
27019,Student_27019,8,A1204.2|ADVHS01.1|E1201.1|G1201.3|J1203.5|OC1310.3|OH1501.1|OI1305.3,A1204|ADVHS01|E1201|G1201|J1203|OC1310|OH1501|OI1305
30019,Student_30019,9,A0901.1|ADVHS01.32|B0901.1|C0904.4|E0901.2|G0901.4|H0904.6|I1003.5|J0901.2,A0901|ADVHS01|B0901|C0904|E0901|G0901|H0904|I1003|J0901
30172,Student_30172,9,A0901.2|ADVHS01.7|B0901.7|E0901.1|G0901.6|H0904.5|I1003.1|J0903.3|OC1305.3,A0901|ADVHS01|B0901|E0901|G0901|H0904|I1003|J0903|OC1305
30124,Student_30124,9,A0901.3|ADVHS01.17|B0901.7|E0901.3|G0901.1|H0904.3|I0903.2|J0903.3|OC1305.3,A0901|ADVHS01|B0901|E0901|G0901|H0904|I0903|J0903|OC1305
27152,Student_27152,9,A1105.3|ADVHS01.36|E1101.5|G1203.1|I1215.1|L1302.1|OH1401.2|OI1003.2|OJ1203.2,A1105|ADVHS01|E1101|G1203|I1215|L1302|OH1401|OI1003|OJ1203
29039,Student_29039,8,A1006.5|ADVHS01.29|B1001.5|E1001.4|G1004.4|H1001.2|I1003.5|OC1314.1,A1006|ADVHS01|B1001|E1001|G1004|H1001|I1003|OC1314
29010,Student_29010,9,A1006.5|ADVHS01.36|B1001.2|B1006.2|E1001.2|G1004.6|I1211.1|I1214.3|OH1305.1,A1006|ADVHS01|B1001|B1006|E1001|G1004|I1211|I1214|OH1305
28044,Student_28044,10,ADVHS01.23|E1101.2|G1203.1|I1212.3|I1213.3|L1304.4|OA1319.1|OC1310.1|OH1401.1|OI1305.4,ADVHS01|E1101|G1203|I1212|I1213|L1304|OA1319|OC1310|OH1401|OI1305
30136,Student_30136,8,A0901.2|ADVHS01.5|B0901.6|E0901.1|G0901.5|H0904.1|I1003.6|J0903.1,A0901|ADVHS01|B0901|E0901|G0901|H0904|I1003|J0903
30005,Student_30005,9,A0901.2|ADVHS01.26|B0901.3|E0901.3|G0901.3|H0904.4|I1003.7|J0903.1|OC1306.1,A0901|ADVHS01|B0901|E0901|G0901|H0904|I1003|J0903|OC1306
27018,Student_27018,9,ADVHS01.10|E1201.5|G1202.1|J1203.5|L1304.3|OA1322.2|OB1520.2|OH1306.2|OH1401.1,ADVHS01|E1201|G1202|J1203|L1304|OA1322|OB1520|OH1306|OH1401
27071,Student_27071,8,ADVHS01.10|E1201.2|G1201.4|J1203.4|OA1318.1|OC1310.3|OH1501.1|OI1305.5,ADVHS01|E1201|G1201|J1203|OA1318|OC1310|OH1501|OI1305
28047,Student_28047,9,A1105.2|ADVHS01.17|E1101.3|I1212.3|I1213.3|OC1305.1|OI1303.1|OI1305.4|VHS0052.2,A1105|ADVHS01|E1101|I1212|I1213|OC1305|OI1303|OI1305|VHS0052
29083,Student_29083,9,A1006.6|ADVHS01.20|B1001.6|E1001.1|G1004.6|H1001.2|I1003.2|OZ1207.1|OZ1323.4,A1006|ADVHS01|B1001|E1001|G1004|H1001|I1003|OZ1207|OZ1323
29011,Student_29011,9,A1006.6|ADVHS01.27|B1001.6|E1001.6|G1004.6|I1214.1|OI1003.5|OZ1207.1|OZ1323.2,A1006|ADVHS01|B1001|E1001|G1004|I1214|OI1003|OZ1207|OZ1323
27005,Student_27005,8,ADVHS01.34|E1201.4|G1201.3|L1304.3|OA1322.1|OB1532.1|OH1501.1|OI1303.1,ADVHS01|E1201|G1201|L1304|OA1322|OB1532|OH1501|OI1303
28163,Student_28163,9,A1105.1|ADVHS01.15|E1101.5|G1203.4|I1212.4|I1213.4|L1304.4|OH1401.1|OI1003.6,A1105|ADVHS01|E1101|G1203|I1212|I1213|L1304|OH1401|OI1003
28139,Student_28139,9,A1105.5|ADVHS01.9|C0904.2|E1101.6|G1203.1|L1304.4|OH1401.2|OI1003.2|OJ1203.1,A1105|ADVHS01|C0904|E1101|G1203|L1304|OH1401|OI1003|OJ1203
30092,Student_30092,8,A0901.2|ADVHS01.8|B0901.6|E0901.4|G0901.5|H0904.3|I1003.6|OC1305.4,A0901|ADVHS01|B0901|E0901|G0901|H0904|I1003|OC1305
30182,Student_30182,8,A0901.3|ADVHS01.20|B0901.2|C0904.3|E0901.2|G0901.3|H0904.5|I0903.3,A0901|ADVHS01|B0901|C0904|E0901|G0901|H0904|I0903
27010,Student_27010,9,ADVHS01.3|E1201.1|G1201.4|I1212.1|I1213.4|J1203.3|OC1310.3|OH1501.2|OI1305.4,ADVHS01|E1201|G1201|I1212|I1213|J1203|OC1310|OH1501|OI1305
27014,Student_27014,8,ADVHS01.6|E1201.5|G1202.1|J1203.1|L1304.1|OA1322.1|OH1501.2|OI1003.4,ADVHS01|E1201|G1202|J1203|L1304|OA1322|OH1501|OI1003
29119,Student_29119,8,ADVHS01.5|B1001.5|E1001.6|G1004.1|H1001.4|I1211.2|OC1310.1|OZ1323.3,ADVHS01|B1001|E1001|G1004|H1001|I1211|OC1310|OZ1323
27106,Student_27106,9,ADVHS01.36|E1201.6|G1201.1|J1203.4|L1303.1|OA1322.1|OH1501.1|OI1303.1|OI1305.2,ADVHS01|E1201|G1201|J1203|L1303|OA1322|OH1501|OI1303|OI1305
27142,Student_27142,9,A1204.2|ADVHS01.32|E1201.6|G1202.1|H1201B.1|I1212.3|I1213.3|J1203.1|L1304.1,A1204|ADVHS01|E1201|G1202|H1201B|I1212|I1213|J1203|L1304
28036,Student_28036,10,A1105.1|ADVHS01.10|E1101.5|G1203.3|I1212.2|I1213.2|L1304.3|OC1307.1|OH1401.1|OI1003.5,A1105|ADVHS01|E1101|G1203|I1212|I1213|L1304|OC1307|OH1401|OI1003
29080,Student_29080,8,ADVHS01.10|B1001.6|E1001.1|G1004.5|H1206.2|I1211.1|OZ1207.1|OZ1323.3,ADVHS01|B1001|E1001|G1004|H1206|I1211|OZ1207|OZ1323
28050,Student_28050,9,A1105.3|ADVHS01.16|C0907.1|E1101.3|G1203.4|H1201B.1|I1212.4|I1213.4|L1304.4,A1105|ADVHS01|C0907|E1101|G1203|H1201B|I1212|I1213|L1304
29008,Student_29008,8,A1006.5|ADVHS01.14|B1001.5|B1006.1|E1001.6|G1004.2|I1214.3|OI1003.5,A1006|ADVHS01|B1001|B1006|E1001|G1004|I1214|OI1003
30003,Student_30003,8,A0901.1|ADVHS01.4|B0901.3|C0904.2|E0901.4|G0901.4|H0904.5|I1003.6,A0901|ADVHS01|B0901|C0904|E0901|G0901|H0904|I1003
30008,Student_30008,8,A0901.4|ADVHS01.29|B0901.3|E0901.2|G0901.6|H0904.3|I1003.5|J0901.3,A0901|ADVHS01|B0901|E0901|G0901|H0904|I1003|J0901
28061,Student_28061,9,A1105.1|ADVHS01.9|E1101.1|G1203.2|L1301.2|OC1310.1|OH1305.1|OI1003.5|OJ1204.1,A1105|ADVHS01|E1101|G1203|L1301|OC1310|OH1305|OI1003|OJ1204
30031,Student_30031,8,A0901.5|ADVHS01.3|B0901.1|C0904.3|E0901.2|G0901.2|H0904.3|J0901.2,A0901|ADVHS01|B0901|C0904|E0901|G0901|H0904|J0901
30066,Student_30066,8,A0901.1|ADVHS01.26|B0901.2|E0901.4|G0901.1|H0904.7|I0903.2|OC1305.2,A0901|ADVHS01|B0901|E0901|G0901|H0904|I0903|OC1305
28013,Student_28013,9,A1105.4|ADVHS01.27|C0904.2|E1101.5|G1203.3|L1301.3|OH1401.1|OI1305.5|OJ1204.1,A1105|ADVHS01|C0904|E1101|G1203|L1301|OH1401|OI1305|OJ1204
30072,Student_30072,9,A0901.1|ADVHS01.30|B0901.5|E0901.6|G0901.3|H0904.2|I1003.1|J0903.2|OC1305.4,A0901|ADVHS01|B0901|E0901|G0901|H0904|I1003|J0903|OC1305
30085,Student_30085,9,A0901.4|ADVHS01.8|B0901.5|E0901.1|G0901.4|H0904.1|I1003.1|J0903.2|OC1305.3,A0901|ADVHS01|B0901|E0901|G0901|H0904|I1003|J0903|OC1305
30076,Student_30076,9,A0901.3|ADVHS01.31|B0901.7|E0901.2|G0901.5|H0904.2|I1003.7|J0901.2|OC1305.1,A0901|ADVHS01|B0901|E0901|G0901|H0904|I1003|J0901|OC1305
28022,Student_28022,9,A1105.5|ADVHS01.9|E1101.3|G1203.4|I1204.1|L1304.4|OA1317.1|OC1310.2|OH1305.3,A1105|ADVHS01|E1101|G1203|I1204|L1304|OA1317|OC1310|OH1305
26023,Student_26023,9,ADVHS01.2|E1201.6|G1201.4|J1203.4|L1304.3|OA1318.1|OH1501.1|OI1303.2|OI1305.2,ADVHS01|E1201|G1201|J1203|L1304|OA1318|OH1501|OI1303|OI1305
27160,Student_27160,8,ADVHS01.34|E1201.1|G1201.2|J1203.3|L1304.2|OA1322.2|OC1305.2|OH1306.1,ADVHS01|E1201|G1201|J1203|L1304|OA1322|OC1305|OH1306
28137,Student_28137,8,A1105.3|ADVHS01.28|E1101.6|G1203.1|I1215.1|L1301.2|OH1401.2|OI1003.2,A1105|ADVHS01|E1101|G1203|I1215|L1301|OH1401|OI1003
29172,Student_29172,8,A1006.7|ADVHS01.12|B1001.3|E1001.5|G1004.7|H1001.3|I1003.5|OZ1323.5,A1006|ADVHS01|B1001|E1001|G1004|H1001|I1003|OZ1323
27006,Student_27006,8,ADVHS01.32|E1201.1|G1201.3|I1208.1|J1203.3|L1302.2|L1304.2|OA1317.1,ADVHS01|E1201|G1201|I1208|J1203|L1302|L1304|OA1317
27098,Student_27098,9,A1204.3|ADVHS01.14|E1201.6|G1201.5|J1203.1|L1304.1|OH1306.2|OI1303.2|OI1305.3,A1204|ADVHS01|E1201|G1201|J1203|L1304|OH1306|OI1303|OI1305
28031,Student_28031,10,A1105.5|ADVHS01.1|E1101.4|I1212.3|I1213.3|OC1310.2|OH1305.2|OI1003.2|OZ1207.1|VHS0052.2,A1105|ADVHS01|E1101|I1212|I1213|OC1310|OH1305|OI1003|OZ1207|VHS0052
28140,Student_28140,9,A1105.5|ADVHS01.2|C0904.2|E1101.6|G1203.1|L1304.4|OH1305.3|OI1003.1|OJ1203.1,A1105|ADVHS01|C0904|E1101|G1203|L1304|OH1305|OI1003|OJ1203
28089,Student_28089,9,A1105.3|ADVHS01.29|C0904.1|E1101.1|G1203.4|L1301.2|L1302.1|OH1401.1|OI1003.3,A1105|ADVHS01|C0904|E1101|G1203|L1301|L1302|OH1401|OI1003
27130,Student_27130,9,A1204.2|ADVHS01.22|E1201.2|G1201.4|J1203.1|L1304.3|OC1310.1|OH1501.1|OI1305.2,A1204|ADVHS01|E1201|G1201|J1203|L1304|OC1310|OH1501|OI1305
29133,Student_29133,9,A1006.2|ADVHS01.2|B1001.1|E1001.1|G1004.7|H1001.3|I1003.4|OI1003.6|OZ1323.5,A1006|ADVHS01|B1001|E1001|G1004|H1001|I1003|OI1003|OZ1323
28166,Student_28166,9,A1105.2|ADVHS01.18|E1101.5|I1212.2|I1213.2|I1214.1|OC1307.1|OJ1203.2|VHS0052.1,A1105|ADVHS01|E1101|I1212|I1213|I1214|OC1307|OJ1203|VHS0052
27057,Student_27057,8,ADVHS01.35|C0907.1|E1101.6|L1304.4|OA1319.2|OB1520.2|OH1305.3|OI1003.2,ADVHS01|C0907|E1101|L1304|OA1319|OB1520|OH1305|OI1003
27012,Student_27012,9,A1204.2|ADVHS01.2|E1101.2|E1201.5|G1201.5|J1203.1|L1304.3|OH1501.2|OI1305.2,A1204|ADVHS01|E1101|E1201|G1201|J1203|L1304|OH1501|OI1305
28135,Student_28135,8,A1105.4|ADVHS01.11|E1101.5|G1203.3|L1301.3|OA1304.1|OH1401.1|OI1305.1,A1105|ADVHS01|E1101|G1203|L1301|OA1304|OH1401|OI1305
29046,Student_29046,8,A1006.2|ADVHS01.7|B1001.5|B1006.2|E1001.4|G1004.7|I1003.3|I1214.2,A1006|ADVHS01|B1001|B1006|E1001|G1004|I1003|I1214
26106,Student_26106,10,ADVHS01.24|E1201.3|G1201.1|I1212.4|I1213.4|J1203.1|L1301.3|OA1322.2|OH1306.1|OI1305.4,ADVHS01|E1201|G1201|I1212|I1213|J1203|L1301|OA1322|OH1306|OI1305
29027,Student_29027,8,ADVHS01.8|B1001.3|B1006.2|E1001.1|G1004.7|H1001.2|I1211.2|OJ1306.1,ADVHS01|B1001|B1006|E1001|G1004|H1001|I1211|OJ1306
27097,Student_27097,9,ADVHS01.3|E1201.1|G1201.4|J1203.4|L1304.3|OA1322.2|OB1520.1|OH1501.1|OI1303.2,ADVHS01|E1201|G1201|J1203|L1304|OA1322|OB1520|OH1501|OI1303
29050,Student_29050,9,A1006.6|ADVHS01.24|B1001.5|E1001.5|G1004.6|H1001.3|I1003.5|OI1003.5|OZ1323.5,A1006|ADVHS01|B1001|E1001|G1004|H1001|I1003|OI1003|OZ1323
29014,Student_29014,9,A0901.6|ADVHS01.5|B0901.2|E0901.2|G0901.3|H0904.5|I0903.3|J0901.1|OC1306.1,A0901|ADVHS01|B0901|E0901|G0901|H0904|I0903|J0901|OC1306
29155,Student_29155,9,A1006.1|ADVHS01.12|B1001.1|E1001.3|G1004.5|I1003.3|I1214.2|OI1003.6|OZ1323.2,A1006|ADVHS01|B1001|E1001|G1004|I1003|I1214|OI1003|OZ1323
28164,Student_28164,9,A1105.3|ADVHS01.23|E1101.3|G1203.1|I1214.2|L1301.2|L1302.1|OC1310.3|OI1003.3,A1105|ADVHS01|E1101|G1203|I1214|L1301|L1302|OC1310|OI1003
27035,Student_27035,8,ADVHS01.34|E1201.5|G1201.5|L1304.3|OA1322.2|OH1306.3|OI1303.2|OI1305.4,ADVHS01|E1201|G1201|L1304|OA1322|OH1306|OI1303|OI1305
29071,Student_29071,9,A1006.1|ADVHS01.18|B1001.1|E1001.2|G1004.3|H1001.1|OI1003.3|OZ1207.2|OZ1323.3,A1006|ADVHS01|B1001|E1001|G1004|H1001|OI1003|OZ1207|OZ1323
27025,Student_27025,9,A1204.2|ADVHS01.9|C0907.1|E1201.2|I1212.1|I1213.1|J1203.1|OH1501.1|OI1303.1,A1204|ADVHS01|C0907|E1201|I1212|I1213|J1203|OH1501|OI1303
27081,Student_27081,10,ADVHS01.21|E1201.3|G1201.4|I1208.1|I1212.3|I1213.3|OA1322.2|OB1520.1|OB1532.1|OH1306.2,ADVHS01|E1201|G1201|I1208|I1212|I1213|OA1322|OB1520|OB1532|OH1306
27131,Student_27131,9,ADVHS01.10|E1201.5|G1201.2|J1203.2|L1304.3|OA1322.2|OB1520.1|OH1306.3|OI1303.2,ADVHS01|E1201|G1201|J1203|L1304|OA1322|OB1520|OH1306|OI1303
29052,Student_29052,8,A1006.7|ADVHS01.32|B1001.4|E1001.3|G1004.1|H1001.1|I1003.7|OZ1323.5,A1006|ADVHS01|B1001|E1001|G1004|H1001|I1003|OZ1323
29034,Student_29034,8,A1006.6|ADVHS01.20|B1001.6|E1001.1|H1206.2|OI1003.5|OZ1207.1|OZ1323.4,A1006|ADVHS01|B1001|E1001|H1206|OI1003|OZ1207|OZ1323
30161,Student_30161,9,A0901.1|ADVHS01.14|B0901.4|C0904.3|E0901.2|G0901.2|H0904.5|I1003.1|J0903.2,A0901|ADVHS01|B0901|C0904|E0901|G0901|H0904|I1003|J0903
29153,Student_29153,8,A1006.7|ADVHS01.8|B1001.7|E1001.4|H1206.1|OI1003.2|OZ1323.1|VHS0052.1,A1006|ADVHS01|B1001|E1001|H1206|OI1003|OZ1323|VHS0052
28054,Student_28054,8,ADVHS01.17|E1101.3|I1204.1|L1304.4|OA1317.1|OA1319.1|OC1310.3|VHS0052.2,ADVHS01|E1101|I1204|L1304|OA1317|OA1319|OC1310|VHS0052
28102,Student_28102,9,A1105.1|ADVHS01.17|C0904.2|E1101.1|G1203.2|L1301.2|L1302.1|OH1305.3|OI1003.4,A1105|ADVHS01|C0904|E1101|G1203|L1301|L1302|OH1305|OI1003
30079,Student_30079,8,A0901.4|ADVHS01.13|E0901.4|G0901.4|H0904.6|I0903.1|J0903.2|OC1305.4,A0901|ADVHS01|E0901|G0901|H0904|I0903|J0903|OC1305
30111,Student_30111,8,A0901.2|ADVHS01.35|B0901.7|E0901.5|G0901.7|H0904.3|I1003.6|OC1305.1,A0901|ADVHS01|B0901|E0901|G0901|H0904|I1003|OC1305
30125,Student_30125,8,A0901.1|ADVHS01.19|B0901.7|E0901.5|G0901.6|H0904.5|I0903.2|OC1305.4,A0901|ADVHS01|B0901|E0901|G0901|H0904|I0903|OC1305
30069,Student_30069,9,A0901.6|ADVHS01.35|B0901.7|C0904.4|E0901.5|G0901.7|H0904.4|I1003.6|J0901.1,A0901|ADVHS01|B0901|C0904|E0901|G0901|H0904|I1003|J0901
30023,Student_30023,9,A0901.1|ADVHS01.12|B0901.3|C0904.2|E0901.6|G0901.6|H0904.2|I1003.2|J0901.3,A0901|ADVHS01|B0901|C0904|E0901|G0901|H0904|I1003|J0901
30055,Student_30055,9,A0901.5|ADVHS01.25|B0901.1|C0904.3|E0901.3|G0901.7|H0904.6|I1003.7|J0901.3,A0901|ADVHS01|B0901|C0904|E0901|G0901|H0904|I1003|J0901
29113,Student_29113,9,A1006.7|ADVHS01.16|B1001.3|C0904.1|E1001.6|G1004.4|H1001.2|I1211.2|OZ1323.4,A1006|ADVHS01|B1001|C0904|E1001|G1004|H1001|I1211|OZ1323
29089,Student_29089,9,A1006.1|ADVHS01.2|B1001.4|C0904.1|E1001.3|G1004.3|H1001.3|OI1003.1|OZ1323.2,A1006|ADVHS01|B1001|C0904|E1001|G1004|H1001|OI1003|OZ1323
30036,Student_30036,9,A0901.3|ADVHS01.24|B0901.6|C0904.2|E0901.5|G0901.4|H0904.1|I1003.7|J0901.2,A0901|ADVHS01|B0901|C0904|E0901|G0901|H0904|I1003|J0901
29173,Student_29173,9,A1006.3|ADVHS01.16|B1001.2|C0904.1|E1001.6|G1004.6|H1001.4|I1211.1|OZ1323.1,A1006|ADVHS01|B1001|C0904|E1001|G1004|H1001|I1211|OZ1323
28046,Student_28046,9,A1006.2|ADVHS01.22|B1001.3|E1001.2|G1004.7|H1001.2|I1003.5|OC1305.2|OZ1323.2,A1006|ADVHS01|B1001|E1001|G1004|H1001|I1003|OC1305|OZ1323
29018,Student_29018,9,A1006.1|ADVHS01.15|B1001.2|E1001.1|G1004.3|I1003.5|I1214.1|OZ1207.1|OZ1323.5,A1006|ADVHS01|B1001|E1001|G1004|I1003|I1214|OZ1207|OZ1323
27085,Student_27085,8,ADVHS01.33|E1201.4|J1203.2|L1304.3|OA1322.1|OC1310.1|OH1306.3|OI1303.1,ADVHS01|E1201|J1203|L1304|OA1322|OC1310|OH1306|OI1303
30077,Student_30077,9,A0901.6|ADVHS01.26|B0901.1|C0904.4|E0901.1|G0901.5|H0904.7|I1003.2|J0901.2,A0901|ADVHS01|B0901|C0904|E0901|G0901|H0904|I1003|J0901
28178,Student_28178,9,ADVHS01.16|C0907.1|E1101.6|H1201B.1|I1204.2|I1212.4|I1213.4|L1304.1|OA1319.1,ADVHS01|C0907|E1101|H1201B|I1204|I1212|I1213|L1304|OA1319
27022,Student_27022,9,A1204.1|ADVHS01.7|C0905.1|E1201.3|G1201.6|J1203.4|L1304.2|OH1501.2|OI1303.2,A1204|ADVHS01|C0905|E1201|G1201|J1203|L1304|OH1501|OI1303
30027,Student_30027,9,A0901.1|ADVHS01.28|B0901.4|E0901.5|G0901.1|H0904.2|I1003.4|J0901.2|OC1307.1,A0901|ADVHS01|B0901|E0901|G0901|H0904|I1003|J0901|OC1307
30043,Student_30043,9,A0901.1|ADVHS01.17|B0901.7|C0904.4|E0901.3|G0901.2|H0904.5|I0903.2|J0903.1,A0901|ADVHS01|B0901|C0904|E0901|G0901|H0904|I0903|J0903
29106,Student_29106,9,A1006.5|ADVHS01.23|B1001.7|C0907.1|E1001.6|G1004.1|I1211.2|I1214.3|OZ1323.2,A1006|ADVHS01|B1001|C0907|E1001|G1004|I1211|I1214|OZ1323
27017,Student_27017,9,A1204.1|ADVHS01.30|E1201.1|G1201.1|J1203.3|L1304.1|OC1306.1|OH1501.2|OI1305.1,A1204|ADVHS01|E1201|G1201|J1203|L1304|OC1306|OH1501|OI1305
29122,Student_29122,9,A1006.1|ADVHS01.29|B1001.2|E1001.4|G1004.5|H1001.3|I1003.5|OZ1207.2|OZ1323.2,A1006|ADVHS01|B1001|E1001|G1004|H1001|I1003|OZ1207|OZ1323
27040,Student_27040,9,A1204.3|ADVHS01.8|E1201.3|G1201.4|J1203.5|L1304.1|OC1310.2|OH1501.2|OI1305.1,A1204|ADVHS01|E1201|G1201|J1203|L1304|OC1310|OH1501|OI1305
30155,Student_30155,9,A0901.5|ADVHS01.6|B0901.1|C0904.3|E0901.2|G0901.6|H0904.3|I0903.3|J0901.3,A0901|ADVHS01|B0901|C0904|E0901|G0901|H0904|I0903|J0901
30025,Student_30025,9,A0901.3|ADVHS01.17|B0901.7|E0901.3|G0901.4|H0904.5|I1003.7|J0903.3|OC1305.3,A0901|ADVHS01|B0901|E0901|G0901|H0904|I1003|J0903|OC1305
29003,Student_29003,9,A1006.5|ADVHS01.20|B1001.6|E1001.4|G1004.4|H1001.2|I1003.2|OI1003.3|OZ1323.1,A1006|ADVHS01|B1001|E1001|G1004|H1001|I1003|OI1003|OZ1323
30153,Student_30153,9,A0901.6|ADVHS01.29|B0901.4|C0904.4|E0901.5|G0901.6|H0904.5|I1003.4|J0901.1,A0901|ADVHS01|B0901|C0904|E0901|G0901|H0904|I1003|J0901
30135,Student_30135,9,A0901.2|ADVHS01.35|B0901.6|E0901.4|G0901.2|H0904.3|I1003.1|J0901.2|OC1305.4,A0901|ADVHS01|B0901|E0901|G0901|H0904|I1003|J0901|OC1305
30123,Student_30123,9,A0901.5|ADVHS01.31|B0901.5|C0904.4|E0901.2|G0901.1|H0904.2|I0903.1|J0901.2,A0901|ADVHS01|B0901|C0904|E0901|G0901|H0904|I0903|J0901
30064,Student_30064,9,A0901.1|ADVHS01.21|B0901.2|C0904.2|E0901.6|G0901.4|H0904.1|I0903.3|J0901.3,A0901|ADVHS01|B0901|C0904|E0901|G0901|H0904|I0903|J0901
30109,Student_30109,8,A0901.5|ADVHS01.24|B0901.6|E0901.1|G0901.5|H0904.2|J0901.3|OC1305.4,A0901|ADVHS01|B0901|E0901|G0901|H0904|J0901|OC1305
30058,Student_30058,9,A0901.5|ADVHS01.10|B0901.6|C0904.3|E0901.2|G0901.2|H0904.3|I1003.6|J0901.3,A0901|ADVHS01|B0901|C0904|E0901|G0901|H0904|I1003|J0901
30089,Student_30089,9,A0901.1|ADVHS01.3|B0901.2|C0904.4|E0901.5|G0901.3|H0904.4|I0903.2|J0903.1,A0901|ADVHS01|B0901|C0904|E0901|G0901|H0904|I0903|J0903
30093,Student_30093,9,A0901.3|ADVHS01.4|B0901.2|C0904.3|E0901.5|G0901.3|H0904.4|I1003.4|J0901.1,A0901|ADVHS01|B0901|C0904|E0901|G0901|H0904|I1003|J0901
29135,Student_29135,8,A1006.3|ADVHS01.15|B1001.6|E1001.3|G1004.3|H1001.4|I1211.1|OZ1323.1,A1006|ADVHS01|B1001|E1001|G1004|H1001|I1211|OZ1323
30054,Student_30054,9,A0901.5|ADVHS01.1|B0901.3|E0901.3|G0901.7|H0904.4|I0903.2|J0901.1|OC1307.1,A0901|ADVHS01|B0901|E0901|G0901|H0904|I0903|J0901|OC1307
29090,Student_29090,9,A0901.6|ADVHS01.7|B0901.7|E0901.2|G0901.6|H0904.3|I0903.3|J0901.3|OC1305.1,A0901|ADVHS01|B0901|E0901|G0901|H0904|I0903|J0901|OC1305
30037,Student_30037,9,A0901.3|ADVHS01.21|B0901.4|C0904.3|E0901.1|G0901.7|H0904.4|I0903.3|J0901.2,A0901|ADVHS01|B0901|C0904|E0901|G0901|H0904|I0903|J0901
30094,Student_30094,9,A0901.2|ADVHS01.32|B0901.5|C0904.4|E0901.4|G0901.1|H0904.3|I1003.4|J0901.2,A0901|ADVHS01|B0901|C0904|E0901|G0901|H0904|I1003|J0901
30010,Student_30010,9,A0901.3|ADVHS01.14|B0901.4|E0901.6|G0901.4|H0904.6|I0903.1|J0903.2|OC1305.3,A0901|ADVHS01|B0901|E0901|G0901|H0904|I0903|J0903|OC1305
30038,Student_30038,9,A0901.2|ADVHS01.6|B0901.4|E0901.3|G0901.1|H0904.6|I1003.1|J0901.1|OC1305.4,A0901|ADVHS01|B0901|E0901|G0901|H0904|I1003|J0901|OC1305
30039,Student_30039,9,A0901.1|ADVHS01.31|B0901.4|E0901.6|G0901.5|H0904.7|I0903.2|J0901.2|OC1306.1,A0901|ADVHS01|B0901|E0901|G0901|H0904|I0903|J0901|OC1306
27054,Student_27054,9,A1204.3|ADVHS01.5|E1201.6|G1201.2|I1215.1|J1203.5|L1301.3|OH1306.3|OI1305.2,A1204|ADVHS01|E1201|G1201|I1215|J1203|L1301|OH1306|OI1305
27059,Student_27059,9,ADVHS01.14|E1201.6|G1201.1|I1208.1|J1203.3|L1301.1|OA1318.1|OH1306.1|OI1303.1,ADVHS01|E1201|G1201|I1208|J1203|L1301|OA1318|OH1306|OI1303
28111,Student_28111,9,ADVHS01.31|C0905.1|E1101.5|G1203.3|I1212.2|I1213.2|L1304.2|OA1319.2|OH1305.3,ADVHS01|C0905|E1101|G1203|I1212|I1213|L1304|OA1319|OH1305
29066,Student_29066,9,A1006.7|ADVHS01.14|B1001.4|E1001.4|G1004.7|H1001.4|I1211.1|OZ1207.1|OZ1323.5,A1006|ADVHS01|B1001|E1001|G1004|H1001|I1211|OZ1207|OZ1323
29128,Student_29128,9,A1006.1|ADVHS01.29|B1001.2|E1001.4|G1004.5|I1003.5|I1214.2|OC1306.1|OZ1323.5,A1006|ADVHS01|B1001|E1001|G1004|I1003|I1214|OC1306|OZ1323
28028,Student_28028,9,ADVHS01.20|C0904.4|E1101.5|G1203.3|I1212.3|I1213.2|L1304.1|OA1319.2|OH1305.2,ADVHS01|C0904|E1101|G1203|I1212|I1213|L1304|OA1319|OH1305
30081,Student_30081,8,A0901.2|ADVHS01.13|B0901.1|E0901.5|G0901.6|H0904.1|I1003.7|OC1305.3,A0901|ADVHS01|B0901|E0901|G0901|H0904|I1003|OC1305
29017,Student_29017,9,A0901.2|ADVHS01.18|B0901.2|C0904.4|E0901.6|G0901.7|H0904.6|I1003.2|J0901.1,A0901|ADVHS01|B0901|C0904|E0901|G0901|H0904|I1003|J0901
28175,Student_28175,8,ADVHS01.30|B1001.3|E1101.6|I1214.2|L1304.1|OA1319.2|OB1520.2|OC1307.1,ADVHS01|B1001|E1101|I1214|L1304|OA1319|OB1520|OC1307
30006,Student_30006,9,A0901.6|ADVHS01.19|B0901.5|C0904.4|E0901.3|G0901.3|H0904.4|I0903.1|J0903.1,A0901|ADVHS01|B0901|C0904|E0901|G0901|H0904|I0903|J0903
30022,Student_30022,8,A0901.6|ADVHS01.19|C0904.4|E0901.6|G0901.3|H0904.7|I1003.7|J0903.3,A0901|ADVHS01|C0904|E0901|G0901|H0904|I1003|J0903
29102,Student_29102,9,A0901.3|ADVHS01.6|B0901.2|C0904.3|E0901.4|G0901.1|H0904.7|I0903.3|J0901.1,A0901|ADVHS01|B0901|C0904|E0901|G0901|H0904|I0903|J0901
30177,Student_30177,9,A0901.4|ADVHS01.8|B0901.4|C0904.4|E0901.2|G0901.2|H0904.2|I0903.1|J0901.2,A0901|ADVHS01|B0901|C0904|E0901|G0901|H0904|I0903|J0901
30065,Student_30065,9,A0901.3|ADVHS01.13|B0901.6|E0901.3|G0901.3|H0904.2|I0903.1|J0903.3|OC1305.4,A0901|ADVHS01|B0901|E0901|G0901|H0904|I0903|J0903|OC1305
30148,Student_30148,9,A0901.6|ADVHS01.17|B0901.2|E0901.4|G0901.1|H0904.3|I1003.1|J0903.1|OC1305.2,A0901|ADVHS01|B0901|E0901|G0901|H0904|I1003|J0903|OC1305
27055,Student_27055,10,A1204.3|ADVHS01.24|E1101.4|E1201.3|G1201.3|I1212.4|I1213.4|OB1520.1|OB1532.1|OH1306.2,A1204|ADVHS01|E1101|E1201|G1201|I1212|I1213|OB1520|OB1532|OH1306
30009,Student_30009,8,A0901.6|ADVHS01.36|B0901.7|E0901.3|G0901.1|H0904.3|I0903.3|OC1305.3,A0901|ADVHS01|B0901|E0901|G0901|H0904|I0903|OC1305
30029,Student_30029,8,A0901.4|ADVHS01.16|B0901.7|C0904.3|E0901.2|G0901.2|H0904.3|J0901.2,A0901|ADVHS01|B0901|C0904|E0901|G0901|H0904|J0901
30048,Student_30048,9,A0901.1|ADVHS01.17|B0901.4|E0901.6|G0901.4|H0904.6|I1003.4|J0901.2|OC1306.1,A0901|ADVHS01|B0901|E0901|G0901|H0904|I1003|J0901|OC1306
27088,Student_27088,8,A1105.4|ADVHS01.21|E1101.3|G1203.1|L1304.4|OC1305.3|OI1003.6|OJ1203.2,A1105|ADVHS01|E1101|G1203|L1304|OC1305|OI1003|OJ1203
28051,Student_28051,9,A1105.2|ADVHS01.23|E1101.3|G1203.4|I1212.4|I1213.4|L1301.2|OC1305.2|OI1305.1,A1105|ADVHS01|E1101|G1203|I1212|I1213|L1301|OC1305|OI1305
27108,Student_27108,8,ADVHS01.35|E1201.5|G1201.6|I1212.3|I1213.1|J1203.3|OA1322.2|OH1306.2,ADVHS01|E1201|G1201|I1212|I1213|J1203|OA1322|OH1306
28168,Student_28168,9,ADVHS01.26|E1101.2|I1212.2|I1213.1|I1214.3|OA1317.1|OA1319.1|OC1314.1|OI1003.4,ADVHS01|E1101|I1212|I1213|I1214|OA1317|OA1319|OC1314|OI1003
28171,Student_28171,10,ADVHS01.13|E1101.2|G1203.2|H1206.1|I1211.2|I1212.2|I1213.2|OA1304.1|OA1319.2|OC1310.2,ADVHS01|E1101|G1203|H1206|I1211|I1212|I1213|OA1304|OA1319|OC1310
28173,Student_28173,9,ADVHS01.36|E1101.1|I1212.3|I1213.3|OA1319.2|OH1305.2|OI1003.1|OJ1203.1|VHS0052.2,ADVHS01|E1101|I1212|I1213|OA1319|OH1305|OI1003|OJ1203|VHS0052
27049,Student_27049,10,ADVHS01.34|E1201.3|G1201.1|I1204.1|I1212.1|I1213.1|J1203.1|OA1322.2|OC1307.1|OH1306.2,ADVHS01|E1201|G1201|I1204|I1212|I1213|J1203|OA1322|OC1307|OH1306
27114,Student_27114,10,ADVHS01.6|C0907.1|E1201.2|G1201.5|I1212.3|I1213.3|J1203.1|OA1317.1|OH1306.1|OI1303.1,ADVHS01|C0907|E1201|G1201|I1212|I1213|J1203|OA1317|OH1306|OI1303
28034,Student_28034,9,A1105.4|ADVHS01.7|E1101.1|I1212.2|I1213.3|I1214.1|L1301.2|OI1305.1|VHS0052.1,A1105|ADVHS01|E1101|I1212|I1213|I1214|L1301|OI1305|VHS0052
28079,Student_28079,10,A1105.5|ADVHS01.7|C0904.2|E1101.5|G1203.3|I1212.1|I1213.1|OH1401.2|OI1305.3|OJ1204.1,A1105|ADVHS01|C0904|E1101|G1203|I1212|I1213|OH1401|OI1305|OJ1204
28024,Student_28024,9,A1105.3|ADVHS01.17|E1101.1|I1212.1|I1213.4|OB1520.2|OC1305.1|OJ1203.2|VHS0052.1,A1105|ADVHS01|E1101|I1212|I1213|OB1520|OC1305|OJ1203|VHS0052
28014,Student_28014,9,A1105.2|ADVHS01.18|E1101.5|I1212.1|I1213.1|OC1307.1|OH1305.2|OJ1203.2|VHS0052.1,A1105|ADVHS01|E1101|I1212|I1213|OC1307|OH1305|OJ1203|VHS0052
27052,Student_27052,10,A1204.3|ADVHS01.24|E1201.3|G1201.6|I1212.4|I1213.4|J1203.4|OC1310.1|OH1306.1|OI1305.3,A1204|ADVHS01|E1201|G1201|I1212|I1213|J1203|OC1310|OH1306|OI1305
28105,Student_28105,10,A1105.5|ADVHS01.5|E1101.1|I1212.1|I1213.1|L1301.1|OC1310.2|OH1305.1|OI1003.4|VHS0052.1,A1105|ADVHS01|E1101|I1212|I1213|L1301|OC1310|OH1305|OI1003|VHS0052
28064,Student_28064,10,ADVHS01.26|E1101.6|I1212.1|I1213.1|I1214.2|OA1319.2|OC1305.3|OI1305.5|OJ1203.1|VHS0052.2,ADVHS01|E1101|I1212|I1213|I1214|OA1319|OC1305|OI1305|OJ1203|VHS0052
28007,Student_28007,9,A1105.3|ADVHS01.34|E1101.5|G1203.1|I1212.3|I1213.2|L1304.4|OH1305.3|OI1003.2,A1105|ADVHS01|E1101|G1203|I1212|I1213|L1304|OH1305|OI1003
28065,Student_28065,9,A1105.3|ADVHS01.17|C0905.1|E1101.4|G1203.3|I1212.4|I1213.4|OI1003.4|OJ1203.1,A1105|ADVHS01|C0905|E1101|G1203|I1212|I1213|OI1003|OJ1203
27183,Student_27183,9,A1204.1|ADVHS01.19|E1201.1|H1206.1|I1212.4|I1213.2|J1203.3|L1304.2|OB1520.1,A1204|ADVHS01|E1201|H1206|I1212|I1213|J1203|L1304|OB1520
100052,Student_100052,9,A1105.4|ADVHS01.31|E1101.4|G1203.2|H1206.1|I1204.2|I1212.3|I1213.3|OJ1203.1,A1105|ADVHS01|E1101|G1203|H1206|I1204|I1212|I1213|OJ1203
28083,Student_28083,10,ADVHS01.18|E1101.3|I1204.2|I1212.2|I1213.2|OA1319.1|OC1307.1|OH1305.2|OJ1203.2|VHS0052.1,ADVHS01|E1101|I1204|I1212|I1213|OA1319|OC1307|OH1305|OJ1203|VHS0052
29110,Student_29110,8,A1006.3|ADVHS01.2|B1001.4|E1001.3|G1004.2|OC1305.2|OI1003.6|OZ1323.4,A1006|ADVHS01|B1001|E1001|G1004|OC1305|OI1003|OZ1323
29067,Student_29067,8,A1006.4|ADVHS01.30|B1001.3|C0904.1|G1004.7|H1001.1|I1003.4|OZ1323.2,A1006|ADVHS01|B1001|C0904|G1004|H1001|I1003|OZ1323
30082,Student_30082,9,A0901.6|ADVHS01.32|B0901.3|E0901.2|G0901.3|H0904.5|I0903.1|J0901.2|OC1306.1,A0901|ADVHS01|B0901|E0901|G0901|H0904|I0903|J0901|OC1306
27094,Student_27094,9,A1105.3|ADVHS01.11|E1101.3|G1203.1|L1304.4|OH1305.3|OI1003.6|OJ1203.1|OJ1204.1,A1105|ADVHS01|E1101|G1203|L1304|OH1305|OI1003|OJ1203|OJ1204
29077,Student_29077,9,A1006.7|ADVHS01.27|B1001.7|E1001.5|G1004.1|H1001.3|OC1310.2|OI1003.6|OZ1323.5,A1006|ADVHS01|B1001|E1001|G1004|H1001|OC1310|OI1003|OZ1323
29112,Student_29112,9,A1006.5|ADVHS01.21|B1001.1|E1001.3|G1004.6|I1214.3|OH1305.1|OI1003.5|OZ1323.1,A1006|ADVHS01|B1001|E1001|G1004|I1214|OH1305|OI1003|OZ1323
30013,Student_30013,9,A0901.4|ADVHS01.21|B0901.3|C0904.4|E0901.3|G0901.7|H0904.2|I1003.2|J0901.1,A0901|ADVHS01|B0901|C0904|E0901|G0901|H0904|I1003|J0901
29125,Student_29125,8,A1006.4|ADVHS01.35|B1001.1|E1001.5|G1004.6|H1001.2|OI1003.4|OZ1323.5,A1006|ADVHS01|B1001|E1001|G1004|H1001|OI1003|OZ1323
28058,Student_28058,7,ADVHS01.16|E1101.2|G1203.4|L1302.2|OA1317.1|OB1520.2|OC1310.1,ADVHS01|E1101|G1203|L1302|OA1317|OB1520|OC1310
30049,Student_30049,9,A0901.4|ADVHS01.7|B0901.2|C0904.4|E0901.4|G0901.4|H0904.7|I0903.1|J0903.3,A0901|ADVHS01|B0901|C0904|E0901|G0901|H0904|I0903|J0903
30070,Student_30070,9,A0901.6|ADVHS01.16|B0901.3|C0904.2|E0901.1|G0901.3|H0904.5|I1003.6|J0901.3,A0901|ADVHS01|B0901|C0904|E0901|G0901|H0904|I1003|J0901
30021,Student_30021,9,A0901.2|ADVHS01.1|B0901.2|E0901.6|G0901.7|H0904.1|I0903.3|J0901.1|OC1306.1,A0901|ADVHS01|B0901|E0901|G0901|H0904|I0903|J0901|OC1306
30059,Student_30059,9,A0901.3|ADVHS01.14|B0901.4|E0901.5|G0901.4|H0904.4|I0903.1|J0903.2|OC1305.3,A0901|ADVHS01|B0901|E0901|G0901|H0904|I0903|J0903|OC1305
29124,Student_29124,8,A1006.7|ADVHS01.20|B1001.1|E1001.4|G1004.2|I1211.1|OJ1204.1|OZ1323.4,A1006|ADVHS01|B1001|E1001|G1004|I1211|OJ1204|OZ1323
29023,Student_29023,9,A1006.1|ADVHS01.4|B1001.6|E1001.6|G1004.3|H1001.1|OI1003.3|OZ1207.1|OZ1323.3,A1006|ADVHS01|B1001|E1001|G1004|H1001|OI1003|OZ1207|OZ1323
27123,Student_27123,8,ADVHS01.5|C0907.1|E1201.2|G1201.1|L1301.3|OA1318.1|OH1306.1|OI1305.1,ADVHS01|C0907|E1201|G1201|L1301|OA1318|OH1306|OI1305
30121,Student_30121,9,A0901.3|ADVHS01.29|B0901.1|C0904.2|E0901.4|G0901.6|H0904.6|I0903.2|J0901.1,A0901|ADVHS01|B0901|C0904|E0901|G0901|H0904|I0903|J0901
27174,Student_27174,9,ADVHS01.14|E1201.5|G1202.1|J1203.5|L1304.2|OA1318.1|OH1306.1|OH1501.2|OI1305.1,ADVHS01|E1201|G1202|J1203|L1304|OA1318|OH1306|OH1501|OI1305
30057,Student_30057,9,A0901.3|ADVHS01.15|B0901.7|E0901.6|G0901.6|H0904.2|I0903.1|J0903.3|OC1305.4,A0901|ADVHS01|B0901|E0901|G0901|H0904|I0903|J0903|OC1305
29087,Student_29087,8,A1006.6|ADVHS01.11|B1001.3|E1001.1|H1001.4|I1003.5|OC1314.1|VHS0052.1,A1006|ADVHS01|B1001|E1001|H1001|I1003|OC1314|VHS0052
29016,Student_29016,9,A1006.6|ADVHS01.22|B1001.4|E1001.5|G1004.3|H1001.3|I1211.1|OZ1207.2|OZ1323.2,A1006|ADVHS01|B1001|E1001|G1004|H1001|I1211|OZ1207|OZ1323
27086,Student_27086,9,A1204.3|ADVHS01.35|E1201.6|G1201.2|I1212.1|I1213.4|J1203.3|OC1310.2|OI1303.1,A1204|ADVHS01|E1201|G1201|I1212|I1213|J1203|OC1310|OI1303
30146,Student_30146,9,A0901.5|ADVHS01.3|B0901.5|E0901.1|G0901.1|H0904.7|I0903.2|J0903.2|OC1307.1,A0901|ADVHS01|B0901|E0901|G0901|H0904|I0903|J0903|OC1307
27051,Student_27051,9,A1204.1|ADVHS01.27|E1201.1|G1201.2|J1203.2|L1304.3|OH1305.3|OH1306.1|OI1305.5,A1204|ADVHS01|E1201|G1201|J1203|L1304|OH1305|OH1306|OI1305
28162,Student_28162,9,A1105.5|ADVHS01.25|E1101.4|G1203.4|I1212.4|I1213.4|OC1310.2|OH1401.1|OI1003.5,A1105|ADVHS01|E1101|G1203|I1212|I1213|OC1310|OH1401|OI1003
29142,Student_29142,9,A1006.5|ADVHS01.18|B1001.7|E1001.1|G1004.1|I1003.2|I1214.3|OI1003.6|OZ1323.1,A1006|ADVHS01|B1001|E1001|G1004|I1003|I1214|OI1003|OZ1323
30127,Student_30127,7,A0901.4|ADVHS01.6|B0901.3|C0904.3|E0901.2|G0901.6|H0904.1,A0901|ADVHS01|B0901|C0904|E0901|G0901|H0904
27127,Student_27127,9,ADVHS01.17|E1201.5|G1201.3|I1204.2|L1304.1|OA1322.1|OB1532.1|OH1306.2|OJ1203.2,ADVHS01|E1201|G1201|I1204|L1304|OA1322|OB1532|OH1306|OJ1203
26040,Student_26040,10,A1204.3|ADVHS01.26|E1201.2|G1201.6|I1212.2|I1213.2|J1203.4|OH1501.1|OI1303.1|OI1305.2,A1204|ADVHS01|E1201|G1201|I1212|I1213|J1203|OH1501|OI1303|OI1305
29029,Student_29029,9,A1006.7|ADVHS01.22|B1001.3|B1006.1|E1001.2|G1004.5|H1001.2|I1003.5|OC1305.2,A1006|ADVHS01|B1001|B1006|E1001|G1004|H1001|I1003|OC1305
28060,Student_28060,9,ADVHS01.12|E1101.1|I1212.2|I1213.2|OA1319.1|OH1305.1|OI1003.2|OJ1203.2|VHS0052.1,ADVHS01|E1101|I1212|I1213|OA1319|OH1305|OI1003|OJ1203|VHS0052
27053,Student_27053,10,A1204.3|ADVHS01.23|E1001.5|E1201.6|G1201.2|I1212.4|I1213.4|J1203.3|OH1306.3|OI1303.1,A1204|ADVHS01|E1001|E1201|G1201|I1212|I1213|J1203|OH1306|OI1303
27091,Student_27091,10,ADVHS01.22|C0907.1|E1201.5|G1201.1|I1212.4|I1213.4|J1203.3|OA1317.1|OH1306.3|OI1305.2,ADVHS01|C0907|E1201|G1201|I1212|I1213|J1203|OA1317|OH1306|OI1305
28081,Student_28081,9,A1105.2|ADVHS01.2|E1101.3|I1212.2|I1213.2|L1304.3|OH1305.1|OI1003.5|VHS0052.1,A1105|ADVHS01|E1101|I1212|I1213|L1304|OH1305|OI1003|VHS0052
28176,Student_28176,9,A1105.1|ADVHS01.14|E1101.3|I1204.2|I1212.3|I1213.3|OA1317.1|OC1305.1|OH1305.3,A1105|ADVHS01|E1101|I1204|I1212|I1213|OA1317|OC1305|OH1305
28118,Student_28118,9,A1105.1|ADVHS01.14|E1101.6|G1203.2|H1206.1|I1204.2|I1212.4|I1213.2|OC1310.2,A1105|ADVHS01|E1101|G1203|H1206|I1204|I1212|I1213|OC1310
28074,Student_28074,9,A1105.4|ADVHS01.6|E1101.3|I1212.3|I1213.3|I1214.2|L1302.2|OC1305.1|OI1305.4,A1105|ADVHS01|E1101|I1212|I1213|I1214|L1302|OC1305|OI1305
28015,Student_28015,10,A1105.1|ADVHS01.23|C0904.2|E1101.6|G1203.2|I1204.2|I1212.2|I1213.2|OB1520.2|OH1401.2,A1105|ADVHS01|C0904|E1101|G1203|I1204|I1212|I1213|OB1520|OH1401
27008,Student_27008,10,A1105.1|ADVHS01.1|E1101.5|I1212.1|I1213.1|OC1305.1|OH1305.2|OI1003.4|OZ1207.1|VHS0052.2,A1105|ADVHS01|E1101|I1212|I1213|OC1305|OH1305|OI1003|OZ1207|VHS0052
28159,Student_28159,9,ADVHS01.23|E1101.4|G1203.4|I1204.2|I1212.2|I1213.2|L1304.1|OA1319.1|OH1401.2,ADVHS01|E1101|G1203|I1204|I1212|I1213|L1304|OA1319|OH1401
28161,Student_28161,9,ADVHS01.12|E1101.1|I1212.1|I1213.1|OA1319.2|OC1305.1|OI1305.1|OJ1203.2|VHS0052.2,ADVHS01|E1101|I1212|I1213|OA1319|OC1305|OI1305|OJ1203|VHS0052
26009,Student_26009,10,A1204.2|ADVHS01.18|E1201.3|G1201.6|I1212.1|I1213.1|J1203.5|OC1310.3|OH1501.2|OI1305.3,A1204|ADVHS01|E1201|G1201|I1212|I1213|J1203|OC1310|OH1501|OI1305
27043,Student_27043,9,A1204.1|ADVHS01.10|E1201.2|G1201.2|I1212.2|I1213.2|L1304.1|OB1520.2|OH1501.1,A1204|ADVHS01|E1201|G1201|I1212|I1213|L1304|OB1520|OH1501
27079,Student_27079,9,ADVHS01.28|E1201.4|G1201.5|I1212.1|I1213.3|OA1322.1|OB1520.2|OH1501.2|OI1303.1,ADVHS01|E1201|G1201|I1212|I1213|OA1322|OB1520|OH1501|OI1303
27111,Student_27111,10,ADVHS01.25|E1201.2|G1201.1|I1212.1|I1213.1|J1203.3|OA1318.1|OH1501.2|OI1303.1|OI1305.4,ADVHS01|E1201|G1201|I1212|I1213|J1203|OA1318|OH1501|OI1303|OI1305
28008,Student_28008,10,A1105.2|ADVHS01.22|C0907.1|E1101.4|H1206.1|I1212.3|I1213.3|OI1003.1|OJ1203.1|VHS0052.2,A1105|ADVHS01|C0907|E1101|H1206|I1212|I1213|OI1003|OJ1203|VHS0052
28041,Student_28041,9,A1105.1|ADVHS01.13|E1101.1|I1212.3|I1213.3|OC1305.3|OH1305.1|OI1305.5|OJ1306.1,A1105|ADVHS01|E1101|I1212|I1213|OC1305|OH1305|OI1305|OJ1306
28103,Student_28103,9,A1105.4|ADVHS01.23|E1101.1|H1206.2|I1212.3|I1213.1|OI1305.4|OJ1203.1|VHS0052.1,A1105|ADVHS01|E1101|H1206|I1212|I1213|OI1305|OJ1203|VHS0052
30117,Student_30117,9,A0901.3|ADVHS01.6|B0901.3|E0901.6|G0901.4|H0904.3|I1003.2|J0903.2|OC1305.3,A0901|ADVHS01|B0901|E0901|G0901|H0904|I1003|J0903|OC1305
30018,Student_30018,9,A0901.4|ADVHS01.30|B0901.5|C0904.4|E0901.2|G0901.3|H0904.2|I1003.6|J0901.1,A0901|ADVHS01|B0901|C0904|E0901|G0901|H0904|I1003|J0901
29085,Student_29085,8,A1006.5|ADVHS01.8|B1001.7|B1006.2|E1001.2|G1004.1|I1003.3|OC1307.1,A1006|ADVHS01|B1001|B1006|E1001|G1004|I1003|OC1307
30175,Student_30175,9,A0901.6|ADVHS01.23|B0901.2|E0901.4|G0901.1|H0904.6|I1003.7|J0901.3|OC1305.4,A0901|ADVHS01|B0901|E0901|G0901|H0904|I1003|J0901|OC1305
30106,Student_30106,9,A0901.3|ADVHS01.19|B0901.1|C0904.3|E0901.4|G0901.5|H0904.3|I1003.6|J0903.1,A0901|ADVHS01|B0901|C0904|E0901|G0901|H0904|I1003|J0903
30033,Student_30033,8,A0901.4|ADVHS01.6|B0901.4|E0901.5|G0901.7|H0904.3|I1003.6|OC1307.1,A0901|ADVHS01|B0901|E0901|G0901|H0904|I1003|OC1307
29129,Student_29129,9,A1006.1|ADVHS01.31|B1001.4|B1006.1|E1001.2|G1004.3|I1003.3|I1214.1|OI1003.3,A1006|ADVHS01|B1001|B1006|E1001|G1004|I1003|I1214|OI1003
29049,Student_29049,9,A1006.2|ADVHS01.25|B1001.4|E1001.1|G1004.4|H1001.3|I1003.4|OC1310.1|OZ1323.5,A1006|ADVHS01|B1001|E1001|G1004|H1001|I1003|OC1310|OZ1323
28017,Student_28017,9,A1105.2|ADVHS01.18|E1101.5|H1206.1|I1212.1|I1213.1|OC1305.1|OJ1203.2|VHS0052.1,A1105|ADVHS01|E1101|H1206|I1212|I1213|OC1305|OJ1203|VHS0052
30154,Student_30154,9,A0901.1|ADVHS01.18|B0901.1|C0904.4|E0901.5|G0901.7|H0904.2|I1003.5|J0903.2,A0901|ADVHS01|B0901|C0904|E0901|G0901|H0904|I1003|J0903
29159,Student_29159,9,A1006.7|ADVHS01.27|B1001.7|E1001.6|G1004.6|I1214.2|OI1003.5|OZ1207.2|OZ1323.4,A1006|ADVHS01|B1001|E1001|G1004|I1214|OI1003|OZ1207|OZ1323
30034,Student_30034,8,A0901.6|ADVHS01.22|B0901.1|E0901.3|G0901.7|H0904.3|I1003.1|J0903.3,A0901|ADVHS01|B0901|E0901|G0901|H0904|I1003|J0903
28098,Student_28098,10,ADVHS01.23|E1101.4|I1212.1|I1213.1|I1214.2|OA1319.1|OC1305.1|OI1305.1|OJ1203.2|VHS0052.2,ADVHS01|E1101|I1212|I1213|I1214|OA1319|OC1305|OI1305|OJ1203|VHS0052
27073,Student_27073,10,ADVHS01.9|E1201.2|G1201.5|H1201B.1|I1212.2|I1213.2|OA1304.1|OA1317.1|OB1520.1|OB1532.1,ADVHS01|E1201|G1201|H1201B|I1212|I1213|OA1304|OA1317|OB1520|OB1532
28025,Student_28025,10,A1105.3|ADVHS01.26|C0904.3|E1101.1|I1212.2|I1213.2|OH1305.1|OI1003.2|OJ1203.1|VHS0052.1,A1105|ADVHS01|C0904|E1101|I1212|I1213|OH1305|OI1003|OJ1203|VHS0052
28106,Student_28106,10,ADVHS01.9|E1101.1|G1203.4|I1212.4|I1213.4|OA1319.2|OB1520.2|OC1305.1|OH1305.2|OI1003.1,ADVHS01|E1101|G1203|I1212|I1213|OA1319|OB1520|OC1305|OH1305|OI1003
28003,Student_28003,9,ADVHS01.10|E1101.6|I1204.2|I1212.1|I1213.1|OA1319.2|OH1305.2|OJ1203.1|VHS0052.2,ADVHS01|E1101|I1204|I1212|I1213|OA1319|OH1305|OJ1203|VHS0052
29012,Student_29012,7,ADVHS01.25|B1001.4|E1001.2|G1004.4|H1001.4|OI1003.6|OZ1323.2,ADVHS01|B1001|E1001|G1004|H1001|OI1003|OZ1323
27028,Student_27028,7,A1204.2|ADVHS01.2|E1201.5|G1201.1|L1303.1|OH1501.2|OZ1207.1,A1204|ADVHS01|E1201|G1201|L1303|OH1501|OZ1207
28170,Student_28170,8,A1105.3|ADVHS01.23|E1101.4|G1203.2|L1304.4|OC1306.1|OI1003.6|OJ1203.2,A1105|ADVHS01|E1101|G1203|L1304|OC1306|OI1003|OJ1203
27139,Student_27139,8,ADVHS01.24|E1201.1|G1202.1|I1208.1|J1203.4|L1304.3|OH1501.2|OI1303.1,ADVHS01|E1201|G1202|I1208|J1203|L1304|OH1501|OI1303
29138,Student_29138,8,A1006.5|ADVHS01.9|B1001.5|B1006.1|E1001.2|G1004.3|I1214.3|OI1003.5,A1006|ADVHS01|B1001|B1006|E1001|G1004|I1214|OI1003
28039,Student_28039,9,A1105.1|ADVHS01.6|C0905.1|E1101.2|G1203.3|L1301.2|OA1304.1|OH1305.2|OI1305.5,A1105|ADVHS01|C0905|E1101|G1203|L1301|OA1304|OH1305|OI1305
27046,Student_27046,8,ADVHS01.3|E1201.5|G1201.3|J1203.4|L1301.2|OA1322.1|OC1310.3|OH1501.1,ADVHS01|E1201|G1201|J1203|L1301|OA1322|OC1310|OH1501
27129,Student_27129,8,ADVHS01.11|E1201.2|G1201.4|I1215.1|J1203.4|L1304.3|OA1322.2|OH1306.3,ADVHS01|E1201|G1201|I1215|J1203|L1304|OA1322|OH1306
27151,Student_27151,7,ADVHS01.6|E1201.5|G1201.5|OA1317.1|OB1532.1|OH1306.1|OI1303.2,ADVHS01|E1201|G1201|OA1317|OB1532|OH1306|OI1303
30119,Student_30119,9,A0901.2|ADVHS01.31|B0901.4|E0901.1|G0901.2|H0904.7|I1003.6|J0901.3|OC1305.1,A0901|ADVHS01|B0901|E0901|G0901|H0904|I1003|J0901|OC1305
30139,Student_30139,9,A0901.3|ADVHS01.25|B0901.5|C0904.3|E0901.3|G0901.3|H0904.4|I0903.1|J0903.1,A0901|ADVHS01|B0901|C0904|E0901|G0901|H0904|I0903|J0903
27148,Student_27148,8,A1204.2|ADVHS01.35|E1201.6|H1201B.1|L1304.2|OB1532.1|OC1314.1|OI1305.2,A1204|ADVHS01|E1201|H1201B|L1304|OB1532|OC1314|OI1305
30024,Student_30024,9,A0901.6|ADVHS01.3|B0901.4|E0901.1|G0901.6|H0904.5|I1003.3|J0903.1|OC1306.1,A0901|ADVHS01|B0901|E0901|G0901|H0904|I1003|J0903|OC1306
27001,Student_27001,7,ADVHS01.10|E1201.4|G1201.5|L1304.2|OB1520.1|OH1306.3|OI1305.3,ADVHS01|E1201|G1201|L1304|OB1520|OH1306|OI1305
29069,Student_29069,9,A1006.1|ADVHS01.33|B1001.1|E1001.2|G1004.7|I1214.1|OC1310.1|OI1003.3|OZ1323.5,A1006|ADVHS01|B1001|E1001|G1004|I1214|OC1310|OI1003|OZ1323
29004,Student_29004,8,A1006.2|ADVHS01.20|B1001.4|B1006.1|E1001.2|G1004.1|I1214.3|OI1003.3,A1006|ADVHS01|B1001|B1006|E1001|G1004|I1214|OI1003
27093,Student_27093,9,A1204.3|ADVHS01.31|E1201.1|G1201.2|I1208.1|J1203.3|L1304.1|OH1501.2|OI1303.1,A1204|ADVHS01|E1201|G1201|I1208|J1203|L1304|OH1501|OI1303
30062,Student_30062,9,A0901.3|ADVHS01.32|B0901.1|E0901.3|G0901.4|H0904.1|I1003.7|J0903.1|OC1305.2,A0901|ADVHS01|B0901|E0901|G0901|H0904|I1003|J0903|OC1305
27138,Student_27138,9,ADVHS01.28|E1201.1|G1201.2|J1203.5|L1304.4|OC1310.3|OH1501.2|OI1305.2|OZ1207.2,ADVHS01|E1201|G1201|J1203|L1304|OC1310|OH1501|OI1305|OZ1207
29115,Student_29115,8,A1006.7|ADVHS01.22|B1001.7|G1004.5|H1001.2|I1003.5|OZ1207.2|OZ1323.1,A1006|ADVHS01|B1001|G1004|H1001|I1003|OZ1207|OZ1323
28120,Student_28120,9,ADVHS01.20|E1201.3|G1201.6|I1204.1|J1203.4|L1304.3|OA1322.2|OH1306.1|OI1303.2,ADVHS01|E1201|G1201|I1204|J1203|L1304|OA1322|OH1306|OI1303
26024,Student_26024,8,ADVHS01.5|E1201.3|G1201.1|J1203.1|L1302.2|OH1306.2|OI1303.2|OI1305.5,ADVHS01|E1201|G1201|J1203|L1302|OH1306|OI1303|OI1305
28109,Student_28109,8,A1105.1|ADVHS01.32|E1101.6|G1203.2|L1304.4|OH1305.1|OI1305.1|OJ1203.1,A1105|ADVHS01|E1101|G1203|L1304|OH1305|OI1305|OJ1203
29022,Student_29022,8,A1006.4|ADVHS01.4|B1001.3|B1006.2|E1001.3|G1004.1|H1001.1|OI1003.3,A1006|ADVHS01|B1001|B1006|E1001|G1004|H1001|OI1003
27101,Student_27101,8,ADVHS01.5|E1201.4|G1201.4|H1206.2|J1203.2|L1303.1|OA1322.1|OB1520.1,ADVHS01|E1201|G1201|H1206|J1203|L1303|OA1322|OB1520
29096,Student_29096,9,A1006.3|ADVHS01.24|B1001.6|B1006.1|E1001.2|G1004.3|I1211.1|I1214.1|OC1310.2,A1006|ADVHS01|B1001|B1006|E1001|G1004|I1211|I1214|OC1310
27061,Student_27061,8,ADVHS01.20|E1201.3|G1201.4|J1203.4|L1303.1|OC1310.3|OH1501.2|OI1303.2,ADVHS01|E1201|G1201|J1203|L1303|OC1310|OH1501|OI1303
28073,Student_28073,9,A1105.3|ADVHS01.33|E1101.2|G1203.3|H1206.2|L1301.3|OA1304.1|OC1310.2|OI1003.1,A1105|ADVHS01|E1101|G1203|H1206|L1301|OA1304|OC1310|OI1003
27060,Student_27060,9,ADVHS01.36|E1201.3|G1201.1|J1203.5|L1302.2|OA1318.1|OC1305.3|OH1501.2|OI1305.2,ADVHS01|E1201|G1201|J1203|L1302|OA1318|OC1305|OH1501|OI1305
27169,Student_27169,8,A1204.1|ADVHS01.7|E1201.3|G1201.1|J1203.1|L1302.1|OH1306.2|OI1303.2,A1204|ADVHS01|E1201|G1201|J1203|L1302|OH1306|OI1303
29059,Student_29059,9,A1006.2|ADVHS01.35|B1001.1|E1001.4|G1004.2|H1001.2|I1003.3|OC1307.1|OZ1323.3,A1006|ADVHS01|B1001|E1001|G1004|H1001|I1003|OC1307|OZ1323
28026,Student_28026,8,A1105.5|ADVHS01.31|E1101.6|G1203.1|I1215.1|L1301.1|OH1401.2|OI1003.1,A1105|ADVHS01|E1101|G1203|I1215|L1301|OH1401|OI1003
29116,Student_29116,9,A1006.6|ADVHS01.15|B1001.5|E1001.2|G1004.6|H1001.2|I1003.2|OI1003.2|OZ1323.5,A1006|ADVHS01|B1001|E1001|G1004|H1001|I1003|OI1003|OZ1323
29131,Student_29131,9,A1006.7|ADVHS01.2|B1001.1|E1001.5|G1004.6|H1001.2|OI1003.4|OZ1207.1|OZ1323.5,A1006|ADVHS01|B1001|E1001|G1004|H1001|OI1003|OZ1207|OZ1323
30166,Student_30166,9,A0901.2|ADVHS01.20|B0901.7|E0901.6|G0901.6|H0904.7|I0903.1|J0901.3|OC1305.2,A0901|ADVHS01|B0901|E0901|G0901|H0904|I0903|J0901|OC1305
29045,Student_29045,8,A1006.7|ADVHS01.19|B1001.7|E1001.6|G1004.3|I1214.3|OI1003.1|OZ1323.1,A1006|ADVHS01|B1001|E1001|G1004|I1214|OI1003|OZ1323
27050,Student_27050,9,A1204.3|ADVHS01.22|E1201.3|G1201.3|J1203.5|L1304.1|OH1306.3|OI1303.1|OI1305.4,A1204|ADVHS01|E1201|G1201|J1203|L1304|OH1306|OI1303|OI1305
27092,Student_27092,9,A1204.2|ADVHS01.19|E1201.2|G1201.3|J1203.2|L1304.1|OC1310.3|OH1306.3|OI1305.3,A1204|ADVHS01|E1201|G1201|J1203|L1304|OC1310|OH1306|OI1305
29157,Student_29157,9,A1006.5|ADVHS01.19|B1001.2|C0904.2|E1001.6|G1004.3|H1001.3|OI1003.3|OZ1323.5,A1006|ADVHS01|B1001|C0904|E1001|G1004|H1001|OI1003|OZ1323
29097,Student_29097,9,A1006.3|ADVHS01.22|B1001.4|E1001.4|G1004.2|I1214.1|OC1310.3|OI1003.5|OZ1323.5,A1006|ADVHS01|B1001|E1001|G1004|I1214|OC1310|OI1003|OZ1323
29081,Student_29081,9,A1006.1|ADVHS01.12|B1001.7|E1001.2|G1004.6|H1001.1|I1003.2|OZ1207.2|OZ1323.2,A1006|ADVHS01|B1001|E1001|G1004|H1001|I1003|OZ1207|OZ1323
30097,Student_30097,8,A0901.5|ADVHS01.3|E0901.1|G0901.4|H0904.5|I0903.3|J0903.2|OC1305.3,A0901|ADVHS01|E0901|G0901|H0904|I0903|J0903|OC1305
27038,Student_27038,9,A1204.2|ADVHS01.4|E1201.2|G1201.6|J1203.2|L1302.2|OC1310.3|OH1306.1|OI1305.5,A1204|ADVHS01|E1201|G1201|J1203|L1302|OC1310|OH1306|OI1305
28116,Student_28116,9,A1105.2|ADVHS01.23|E1101.4|G1203.2|L1304.2|OC1310.1|OH1401.2|OI1305.4|OJ1203.1,A1105|ADVHS01|E1101|G1203|L1304|OC1310|OH1401|OI1305|OJ1203
27113,Student_27113,7,A1204.2|ADVHS01.11|E1201.6|G1201.5|I1208.1|L1301.3|OZ1313.1,A1204|ADVHS01|E1201|G1201|I1208|L1301|OZ1313
30001,Student_30001,8,A0901.4|ADVHS01.25|B0901.4|C0904.3|E0901.5|G0901.6|H0904.7|I1003.7,A0901|ADVHS01|B0901|C0904|E0901|G0901|H0904|I1003
28144,Student_28144,8,A1006.4|ADVHS01.16|B1001.5|B1006.2|E1001.3|H1001.2|OJ1306.1|VHS0052.1,A1006|ADVHS01|B1001|B1006|E1001|H1001|OJ1306|VHS0052
28157,Student_28157,7,ADVHS01.25|E1101.2|G1203.4|I1214.1|L1304.4|OA1319.1|OI1303.1,ADVHS01|E1101|G1203|I1214|L1304|OA1319|OI1303
27024,Student_27024,9,ADVHS01.16|C0907.1|E1101.6|G1203.2|L1304.4|OA1317.1|OA1319.1|OH1305.1|OI1305.3,ADVHS01|C0907|E1101|G1203|L1304|OA1317|OA1319|OH1305|OI1305
29100,Student_29100,8,A0901.5|ADVHS01.28|B0901.6|C0904.2|E0901.5|G0901.6|H0904.2|I0903.1,A0901|ADVHS01|B0901|C0904|E0901|G0901|H0904|I0903
30176,Student_30176,9,A0901.3|ADVHS01.12|B0901.2|C0904.3|E0901.4|G0901.7|H0904.4|I0903.3|J0901.1,A0901|ADVHS01|B0901|C0904|E0901|G0901|H0904|I0903|J0901
29136,Student_29136,8,A1006.3|ADVHS01.7|B1001.2|B1006.2|E1001.5|G1004.3|I1214.2|OI1003.5,A1006|ADVHS01|B1001|B1006|E1001|G1004|I1214|OI1003
28117,Student_28117,9,ADVHS01.13|E1101.2|G1203.4|H1201B.1|I1215.1|L1301.1|OA1319.1|OC1310.1|OI1003.1,ADVHS01|E1101|G1203|H1201B|I1215|L1301|OA1319|OC1310|OI1003
27078,Student_27078,9,ADVHS01.5|C0907.1|E1201.4|G1201.4|J1203.5|L1304.2|OA1318.1|OH1501.1|OI1305.2,ADVHS01|C0907|E1201|G1201|J1203|L1304|OA1318|OH1501|OI1305
28029,Student_28029,9,A1105.4|ADVHS01.4|E1101.4|G1203.3|L1304.3|OC1305.1|OH1305.2|OI1003.1|OJ1203.1,A1105|ADVHS01|E1101|G1203|L1304|OC1305|OH1305|OI1003|OJ1203
28005,Student_28005,9,A1105.3|ADVHS01.19|E1101.5|G1203.2|I1204.1|I1215.1|L1302.1|OA1304.1|OH1305.1,A1105|ADVHS01|E1101|G1203|I1204|I1215|L1302|OA1304|OH1305
30074,Student_30074,9,A0901.4|ADVHS01.14|B0901.2|E0901.1|G0901.4|H0904.1|I1003.4|J0901.3|OC1305.2,A0901|ADVHS01|B0901|E0901|G0901|H0904|I1003|J0901|OC1305
30158,Student_30158,9,A0901.2|ADVHS01.29|B0901.6|E0901.3|G0901.2|H0904.1|I1003.1|J0901.1|OC1305.3,A0901|ADVHS01|B0901|E0901|G0901|H0904|I1003|J0901|OC1305
29065,Student_29065,9,A1006.2|ADVHS01.16|B1001.5|E1001.3|G1004.1|H1001.3|OC1310.2|OI1003.6|OZ1323.5,A1006|ADVHS01|B1001|E1001|G1004|H1001|OC1310|OI1003|OZ1323
28055,Student_28055,9,A1105.5|ADVHS01.3|E1101.3|G1203.1|I1215.1|L1301.1|OC1310.2|OH1401.2|OI1003.4,A1105|ADVHS01|E1101|G1203|I1215|L1301|OC1310|OH1401|OI1003
29042,Student_29042,9,A1006.4|ADVHS01.29|B1001.7|B1006.2|E1001.4|G1004.1|H1001.4|I1003.3|OC1307.1,A1006|ADVHS01|B1001|B1006|E1001|G1004|H1001|I1003|OC1307
28043,Student_28043,9,A1105.5|ADVHS01.14|E1101.4|G1203.2|L1304.4|OC1310.2|OH1305.2|OI1003.3|OJ1203.2,A1105|ADVHS01|E1101|G1203|L1304|OC1310|OH1305|OI1003|OJ1203
29170,Student_29170,9,A1006.5|ADVHS01.30|B1001.1|E1001.4|G1004.7|I1003.3|I1214.2|OI1003.5|OZ1323.2,A1006|ADVHS01|B1001|E1001|G1004|I1003|I1214|OI1003|OZ1323
26154,Student_26154,8,ADVHS01.18|E1201.3|G1201.3|J1203.5|L1304.3|OH1306.3|OI1303.1|OI1305.4,ADVHS01|E1201|G1201|J1203|L1304|OH1306|OI1303|OI1305
28032,Student_28032,8,ADVHS01.12|B1001.5|E1001.5|G1004.2|H1001.2|I1003.5|OC1305.2|OZ1323.3,ADVHS01|B1001|E1001|G1004|H1001|I1003|OC1305|OZ1323
28030,Student_28030,8,A1105.1|ADVHS01.17|E1101.5|L1301.1|OA1304.1|OC1314.1|OI1305.5|VHS0052.2,A1105|ADVHS01|E1101|L1301|OA1304|OC1314|OI1305|VHS0052
29074,Student_29074,8,A1006.2|ADVHS01.34|B1001.4|E1001.4|G1004.2|OI1003.3|OZ1207.2|OZ1323.3,A1006|ADVHS01|B1001|E1001|G1004|OI1003|OZ1207|OZ1323
29002,Student_29002,9,A1006.1|ADVHS01.10|B1001.4|C0907.1|E1001.2|G1004.4|I1214.1|OI1003.3|OZ1323.5,A1006|ADVHS01|B1001|C0907|E1001|G1004|I1214|OI1003|OZ1323
29070,Student_29070,8,A1006.1|ADVHS01.15|B1001.1|B1006.1|E1001.1|G1004.3|I1214.1|OZ1207.1,A1006|ADVHS01|B1001|B1006|E1001|G1004|I1214|OZ1207
28001,Student_28001,9,A1105.3|ADVHS01.17|E1101.6|G1203.1|I1215.1|L1301.2|L1302.1|OH1401.2|OI1003.1,A1105|ADVHS01|E1101|G1203|I1215|L1301|L1302|OH1401|OI1003
28048,Student_28048,9,ADVHS01.2|E1101.2|G1203.4|I1204.2|L1301.2|OA1319.2|OC1310.1|OH1305.2|OJ1306.1,ADVHS01|E1101|G1203|I1204|L1301|OA1319|OC1310|OH1305|OJ1306
29025,Student_29025,9,A1006.1|ADVHS01.1|B1001.5|E1001.6|G1004.4|H1001.3|I1003.3|OC1305.1|OZ1323.4,A1006|ADVHS01|B1001|E1001|G1004|H1001|I1003|OC1305|OZ1323
29091,Student_29091,8,A1006.2|ADVHS01.33|B1001.5|E1001.3|G1004.1|H1206.2|I1211.2|OZ1323.5,A1006|ADVHS01|B1001|E1001|G1004|H1206|I1211|OZ1323
29061,Student_29061,9,A1006.3|ADVHS01.21|B1001.6|C0907.1|E1001.6|G1004.4|I1214.2|OI1003.5|OZ1323.4,A1006|ADVHS01|B1001|C0907|E1001|G1004|I1214|OI1003|OZ1323
28100,Student_28100,8,A1105.2|ADVHS01.13|E1101.2|G1203.4|H1206.1|L1301.2|OC1305.1|OI1305.3,A1105|ADVHS01|E1101|G1203|H1206|L1301|OC1305|OI1305
27030,Student_27030,9,ADVHS01.10|E1101.6|E1201.5|G1201.3|J1203.2|L1304.1|OA1322.1|OH1306.3|OI1305.1,ADVHS01|E1101|E1201|G1201|J1203|L1304|OA1322|OH1306|OI1305
29126,Student_29126,8,A1006.6|ADVHS01.27|B1001.5|E1001.6|G1004.6|I1003.7|OC1305.2|OZ1323.4,A1006|ADVHS01|B1001|E1001|G1004|I1003|OC1305|OZ1323
27179,Student_27179,9,A1204.1|ADVHS01.8|E1201.1|G1201.2|J1203.2|L1302.1|OH1306.1|OI1303.2|OJ1203.2,A1204|ADVHS01|E1201|G1201|J1203|L1302|OH1306|OI1303|OJ1203
27077,Student_27077,8,A1204.1|ADVHS01.27|C0905.1|E1201.3|G1201.3|L1304.2|OB1532.1|OH1306.2,A1204|ADVHS01|C0905|E1201|G1201|L1304|OB1532|OH1306
27105,Student_27105,9,A1105.4|ADVHS01.26|E1201.3|G1201.6|J1203.4|L1304.1|OA1304.1|OH1501.2|OI1305.3,A1105|ADVHS01|E1201|G1201|J1203|L1304|OA1304|OH1501|OI1305
27164,Student_27164,9,A1204.2|ADVHS01.4|E1201.6|G1201.5|H1201B.1|J1203.5|L1304.2|OH1306.3|OI1305.2,A1204|ADVHS01|E1201|G1201|H1201B|J1203|L1304|OH1306|OI1305
29001,Student_29001,9,A1006.3|ADVHS01.26|B1001.6|E1001.5|G1004.2|H1206.2|OC1310.2|OI1003.5|OZ1323.3,A1006|ADVHS01|B1001|E1001|G1004|H1206|OC1310|OI1003|OZ1323
29048,Student_29048,9,A1006.1|ADVHS01.1|B1001.1|C0904.1|E1001.1|G1004.3|H1001.4|OI1003.4|OZ1323.1,A1006|ADVHS01|B1001|C0904|E1001|G1004|H1001|OI1003|OZ1323
28146,Student_28146,8,ADVHS01.14|E1101.2|G1202.1|I1214.1|L1301.2|OA1304.1|OA1319.2|OC1305.4,ADVHS01|E1101|G1202|I1214|L1301|OA1304|OA1319|OC1305
29015,Student_29015,9,A1006.3|ADVHS01.2|B1001.3|E1001.3|G1004.1|H1001.1|I1003.2|OC1305.2|OZ1323.1,A1006|ADVHS01|B1001|E1001|G1004|H1001|I1003|OC1305|OZ1323
27163,Student_27163,9,ADVHS01.25|E1201.6|G1201.6|J1203.3|L1301.3|OA1317.1|OH1306.1|OI1303.2|OJ1204.1,ADVHS01|E1201|G1201|J1203|L1301|OA1317|OH1306|OI1303|OJ1204
29148,Student_29148,9,A1006.3|ADVHS01.5|B1001.7|E1001.6|G1004.2|I1214.3|OC1305.3|OI1003.6|OZ1323.4,A1006|ADVHS01|B1001|E1001|G1004|I1214|OC1305|OI1003|OZ1323
30160,Student_30160,9,A0901.5|ADVHS01.24|B0901.2|E0901.1|G0901.5|H0904.5|I0903.2|J0901.3|OC1305.4,A0901|ADVHS01|B0901|E0901|G0901|H0904|I0903|J0901|OC1305
29019,Student_29019,7,ADVHS01.12|B1001.3|E1001.2|G1004.7|H1001.1|OI1003.5|OZ1323.2,ADVHS01|B1001|E1001|G1004|H1001|OI1003|OZ1323
28147,Student_28147,9,A1105.5|ADVHS01.22|E1101.4|G1203.4|I1215.1|L1301.1|OC1310.2|OH1401.2|OI1003.1,A1105|ADVHS01|E1101|G1203|I1215|L1301|OC1310|OH1401|OI1003
30098,Student_30098,9,A0901.5|ADVHS01.16|B0901.6|C0904.3|E0901.3|G0901.2|H0904.7|I1003.7|J0901.3,A0901|ADVHS01|B0901|C0904|E0901|G0901|H0904|I1003|J0901
28009,Student_28009,9,A1105.4|ADVHS01.30|E1101.5|G1203.1|I1215.1|L1301.1|L1302.1|OH1401.1|OI1003.4,A1105|ADVHS01|E1101|G1203|I1215|L1301|L1302|OH1401|OI1003
29092,Student_29092,9,A1006.4|ADVHS01.25|B1001.4|C0905.1|E1001.1|G1004.1|I1214.3|OI1003.6|OZ1323.3,A1006|ADVHS01|B1001|C0905|E1001|G1004|I1214|OI1003|OZ1323
29030,Student_29030,9,A1006.3|ADVHS01.29|B1001.6|E1001.6|G1004.6|I1211.1|I1214.2|OH1401.1|OZ1323.3,A1006|ADVHS01|B1001|E1001|G1004|I1211|I1214|OH1401|OZ1323
30045,Student_30045,8,A0901.5|ADVHS01.23|B0901.3|C0904.3|E0901.1|G0901.7|H0904.4|I1003.6,A0901|ADVHS01|B0901|C0904|E0901|G0901|H0904|I1003
27009,Student_27009,8,ADVHS01.11|C0904.2|E1101.1|G1203.2|L1301.3|OA1319.1|OH1305.1|OJ1204.1,ADVHS01|C0904|E1101|G1203|L1301|OA1319|OH1305|OJ1204
27063,Student_27063,8,ADVHS01.11|E1201.3|G1201.4|L1304.2|OA1318.1|OB1520.1|OH1306.2|OI1305.5,ADVHS01|E1201|G1201|L1304|OA1318|OB1520|OH1306|OI1305
29109,Student_29109,9,A1006.4|ADVHS01.35|B1001.2|E1001.4|G1004.5|I1003.2|I1214.3|OH1305.2|OZ1323.2,A1006|ADVHS01|B1001|E1001|G1004|I1003|I1214|OH1305|OZ1323
29035,Student_29035,9,A1006.1|ADVHS01.4|B1001.1|C0904.1|E1001.5|G1004.3|I1214.2|OI1003.3|OZ1323.3,A1006|ADVHS01|B1001|C0904|E1001|G1004|I1214|OI1003|OZ1323
30134,Student_30134,9,A0901.5|ADVHS01.5|B0901.3|E0901.1|G0901.4|H0904.4|I1003.6|J0903.1|OC1306.1,A0901|ADVHS01|B0901|E0901|G0901|H0904|I1003|J0903|OC1306
28057,Student_28057,8,A1105.3|ADVHS01.11|E1101.5|G1203.3|L1301.3|OA1304.1|OH1305.1|OI1305.5,A1105|ADVHS01|E1101|G1203|L1301|OA1304|OH1305|OI1305
28136,Student_28136,9,A1105.4|ADVHS01.4|C0904.3|E1101.3|G1202.1|H1206.2|L1301.2|L1302.2|OI1305.1,A1105|ADVHS01|C0904|E1101|G1202|H1206|L1301|L1302|OI1305
29088,Student_29088,8,A1006.3|ADVHS01.27|B1001.6|E1001.6|G1004.4|OI1003.5|OZ1207.1|OZ1323.4,A1006|ADVHS01|B1001|E1001|G1004|OI1003|OZ1207|OZ1323
29164,Student_29164,8,A1006.2|ADVHS01.12|B1001.3|G1004.7|H1001.3|I1003.5|OC1305.4|OZ1323.5,A1006|ADVHS01|B1001|G1004|H1001|I1003|OC1305|OZ1323
27032,Student_27032,9,ADVHS01.25|E1201.5|G1201.5|J1203.5|L1304.2|OA1317.1|OC1310.2|OH1306.1|OI1305.5,ADVHS01|E1201|G1201|J1203|L1304|OA1317|OC1310|OH1306|OI1305
29028,Student_29028,8,A1006.2|ADVHS01.15|B1001.2|B1006.2|E1001.1|G1004.2|I1214.3|OI1003.6,A1006|ADVHS01|B1001|B1006|E1001|G1004|I1214|OI1003
28101,Student_28101,8,A1105.2|ADVHS01.8|C0905.1|E1101.4|G1203.4|L1301.1|OH1305.1|OI1305.5,A1105|ADVHS01|C0905|E1101|G1203|L1301|OH1305|OI1305
27126,Student_27126,8,ADVHS01.9|E1201.6|G1201.2|J1203.1|L1302.2|OC1310.3|OH1501.1|OI1303.2,ADVHS01|E1201|G1201|J1203|L1302|OC1310|OH1501|OI1303
30042,Student_30042,9,A0901.2|ADVHS01.31|B0901.6|C0904.4|E0901.1|G0901.3|H0904.7|I0903.3|J0901.2,A0901|ADVHS01|B0901|C0904|E0901|G0901|H0904|I0903|J0901
27002,Student_27002,8,A1204.1|ADVHS01.4|E1201.6|G1202.1|I1208.1|L1304.2|OB1532.1|OH1306.2,A1204|ADVHS01|E1201|G1202|I1208|L1304|OB1532|OH1306
27124,Student_27124,8,ADVHS01.28|C0907.1|E1201.4|G1202.1|H1201B.1|L1304.3|OA1322.1|OB1532.1,ADVHS01|C0907|E1201|G1202|H1201B|L1304|OA1322|OB1532
27048,Student_27048,8,A0901.4|ADVHS01.10|E1201.2|G1201.6|J1203.2|L1304.3|OH1306.2|OI1305.3,A0901|ADVHS01|E1201|G1201|J1203|L1304|OH1306|OI1305
27172,Student_27172,7,ADVHS01.33|E1201.3|G1201.2|H1206.2|L1303.1|OA1319.2|OA1322.1,ADVHS01|E1201|G1201|H1206|L1303|OA1319|OA1322
29098,Student_29098,8,A1006.4|ADVHS01.4|B1001.2|E1001.4|G1004.1|OI1003.3|OZ1207.2|OZ1323.4,A1006|ADVHS01|B1001|E1001|G1004|OI1003|OZ1207|OZ1323
27112,Student_27112,9,ADVHS01.23|E1201.5|G1201.1|J1203.2|L1303.1|OA1322.2|OC1305.3|OH1306.1|OI1303.2,ADVHS01|E1201|G1201|J1203|L1303|OA1322|OC1305|OH1306|OI1303
29024,Student_29024,9,A1006.3|ADVHS01.9|B1001.4|B1006.1|C0904.1|E1001.4|G1004.5|H1206.1|I1003.7,A1006|ADVHS01|B1001|B1006|C0904|E1001|G1004|H1206|I1003
28016,Student_28016,9,A1105.3|ADVHS01.33|C0904.1|E1101.5|G1203.4|L1302.1|OH1305.3|OI1003.1|OZ1207.1,A1105|ADVHS01|C0904|E1101|G1203|L1302|OH1305|OI1003|OZ1207
27134,Student_27134,9,ADVHS01.24|C0907.1|E1201.2|G1201.2|H1201B.1|L1304.4|OA1304.1|OB1532.1|OI1305.2,ADVHS01|C0907|E1201|G1201|H1201B|L1304|OA1304|OB1532|OI1305
30162,Student_30162,9,A0901.4|ADVHS01.24|B0901.2|E0901.1|G0901.5|H0904.1|I0903.2|J0901.3|OC1305.4,A0901|ADVHS01|B0901|E0901|G0901|H0904|I0903|J0901|OC1305
27089,Student_27089,9,ADVHS01.3|E1201.4|G1201.1|I1204.1|J1203.2|L1304.1|OA1322.2|OH1306.3|OI1303.2,ADVHS01|E1201|G1201|I1204|J1203|L1304|OA1322|OH1306|OI1303
27026,Student_27026,9,A1204.1|ADVHS01.27|E1201.3|G1201.6|J1203.5|L1304.1|OH1306.2|OI1305.5|OJ1203.2,A1204|ADVHS01|E1201|G1201|J1203|L1304|OH1306|OI1305|OJ1203
27068,Student_27068,9,ADVHS01.5|E1201.4|G1201.4|L1304.4|OA1304.1|OA1322.1|OB1532.1|OH1306.1|OI1305.5,ADVHS01|E1201|G1201|L1304|OA1304|OA1322|OB1532|OH1306|OI1305
27036,Student_27036,8,A1204.3|ADVHS01.19|E1201.1|G1201.3|J1203.4|L1302.2|OH1501.1|OI1303.2,A1204|ADVHS01|E1201|G1201|J1203|L1302|OH1501|OI1303
29076,Student_29076,8,A1006.5|ADVHS01.15|B1001.5|E1001.4|G1004.4|I1003.2|I1214.3|OC1314.1,A1006|ADVHS01|B1001|E1001|G1004|I1003|I1214|OC1314
29021,Student_29021,9,A1006.1|ADVHS01.18|B1001.5|B1006.2|E1001.2|G1004.3|H1001.1|OI1003.4|OZ1207.2,A1006|ADVHS01|B1001|B1006|E1001|G1004|H1001|OI1003|OZ1207
29032,Student_29032,9,A1006.3|ADVHS01.17|B1001.1|B1006.1|C0907.1|E1001.2|G1004.5|I1003.4|I1214.3,A1006|ADVHS01|B1001|B1006|C0907|E1001|G1004|I1003|I1214
30122,Student_30122,8,A0901.2|ADVHS01.2|B0901.3|C0904.4|E0901.2|G0901.3|H0904.4|J0901.2,A0901|ADVHS01|B0901|C0904|E0901|G0901|H0904|J0901
30030,Student_30030,9,A0901.2|ADVHS01.27|B0901.1|E0901.5|G0901.3|H0904.7|I1003.7|J0903.2|OC1306.1,A0901|ADVHS01|B0901|E0901|G0901|H0904|I1003|J0903|OC1306
30102,Student_30102,9,A0901.5|ADVHS01.13|B0901.2|C0904.3|E0901.2|G0901.2|H0904.4|I1003.1|J0901.1,A0901|ADVHS01|B0901|C0904|E0901|G0901|H0904|I1003|J0901
30095,Student_30095,9,A0901.3|ADVHS01.29|B0901.4|C0904.3|E0901.6|G0901.2|H0904.7|I1003.7|J0903.2,A0901|ADVHS01|B0901|C0904|E0901|G0901|H0904|I1003|J0903
30103,Student_30103,9,A0901.5|ADVHS01.29|B0901.6|E0901.1|G0901.6|H0904.2|I1003.1|J0903.3|OC1305.4,A0901|ADVHS01|B0901|E0901|G0901|H0904|I1003|J0903|OC1305
28042,Student_28042,9,ADVHS01.2|E1101.2|G1203.2|H1201B.1|I1204.2|L1301.1|OA1304.1|OA1319.1|OC1310.1,ADVHS01|E1101|G1203|H1201B|I1204|L1301|OA1304|OA1319|OC1310
30164,Student_30164,9,A0901.5|ADVHS01.27|B0901.3|C0904.3|E0901.2|G0901.6|H0904.4|I1003.7|J0901.3,A0901|ADVHS01|B0901|C0904|E0901|G0901|H0904|I1003|J0901
29068,Student_29068,8,A1006.4|ADVHS01.12|B1001.6|E1001.1|G1004.6|H1001.1|I1003.2|OZ1323.3,A1006|ADVHS01|B1001|E1001|G1004|H1001|I1003|OZ1323
28045,Student_28045,9,A1105.2|ADVHS01.1|E1101.4|G1203.2|L1301.1|OA1304.1|OC1310.2|OH1401.2|OI1003.6,A1105|ADVHS01|E1101|G1203|L1301|OA1304|OC1310|OH1401|OI1003
27020,Student_27020,8,ADVHS01.26|E1201.6|G1201.1|J1203.3|OA1317.1|OC1305.2|OH1306.3|OI1305.2,ADVHS01|E1201|G1201|J1203|OA1317|OC1305|OH1306|OI1305
29079,Student_29079,8,ADVHS01.21|B1001.5|E1001.4|G1004.4|H1001.3|OI1003.5|OZ1207.2|OZ1323.4,ADVHS01|B1001|E1001|G1004|H1001|OI1003|OZ1207|OZ1323
30179,Student_30179,9,A0901.3|ADVHS01.13|B0901.2|E0901.1|G0901.3|H0904.4|I0903.2|J0903.3|OC1305.4,A0901|ADVHS01|B0901|E0901|G0901|H0904|I0903|J0903|OC1305
27003,Student_27003,9,A1204.2|ADVHS01.4|C0905.1|E1201.2|G1201.3|J1203.2|L1304.2|OH1306.3|OI1305.3,A1204|ADVHS01|C0905|E1201|G1201|J1203|L1304|OH1306|OI1305
29158,Student_29158,8,ADVHS01.27|B1001.6|E1001.1|G1004.6|H1001.1|I1003.2|OC1314.1|OZ1323.3,ADVHS01|B1001|E1001|G1004|H1001|I1003|OC1314|OZ1323
27171,Student_27171,9,A1204.1|ADVHS01.35|E1201.6|G1201.6|J1203.5|L1304.2|OC1314.1|OH1306.2|OI1305.2,A1204|ADVHS01|E1201|G1201|J1203|L1304|OC1314|OH1306|OI1305
28053,Student_28053,9,A1105.2|ADVHS01.31|E1101.2|G1203.2|H1206.2|L1301.2|OA1304.1|OC1305.3|OI1305.3,A1105|ADVHS01|E1101|G1203|H1206|L1301|OA1304|OC1305|OI1305
30100,Student_30100,9,A0901.3|ADVHS01.15|B0901.1|C0904.2|E0901.5|G0901.4|H0904.1|I0903.1|J0901.2,A0901|ADVHS01|B0901|C0904|E0901|G0901|H0904|I0903|J0901
27109,Student_27109,8,ADVHS01.7|E1201.3|G1201.1|H1201B.1|I1208.1|J1203.4|L1303.1|OA1322.2,ADVHS01|E1201|G1201|H1201B|I1208|J1203|L1303|OA1322
28023,Student_28023,9,A1006.2|ADVHS01.17|B1001.4|E1001.1|G1004.4|I1003.4|I1214.3|OI1003.6|OZ1323.1,A1006|ADVHS01|B1001|E1001|G1004|I1003|I1214|OI1003|OZ1323
28072,Student_28072,9,A1105.5|ADVHS01.12|C0904.1|E1101.5|G1203.3|L1301.1|OA1304.1|OH1401.1|OI1003.3,A1105|ADVHS01|C0904|E1101|G1203|L1301|OA1304|OH1401|OI1003
27100,Student_27100,8,A1105.4|ADVHS01.5|E1101.6|G1203.2|H1206.2|I1204.2|L1301.1|L1302.2,A1105|ADVHS01|E1101|G1203|H1206|I1204|L1301|L1302
28035,Student_28035,9,A1105.4|ADVHS01.27|C0904.2|E1101.3|G1202.1|H1206.2|L1301.2|L1302.2|OI1003.4,A1105|ADVHS01|C0904|E1101|G1202|H1206|L1301|L1302|OI1003
26012,Student_26012,8,ADVHS01.33|E1201.4|G1201.3|H1201B.1|J1203.5|L1303.1|OI1305.2|OZ1207.1,ADVHS01|E1201|G1201|H1201B|J1203|L1303|OI1305|OZ1207
28066,Student_28066,9,A1105.1|ADVHS01.22|E1101.2|G1203.3|L1304.2|OC1310.1|OH1401.1|OI1003.5|OJ1203.1,A1105|ADVHS01|E1101|G1203|L1304|OC1310|OH1401|OI1003|OJ1203
27044,Student_27044,9,ADVHS01.19|E1201.4|G1201.1|J1203.3|L1303.1|OA1322.2|OH1306.1|OI1303.2|OI1305.3,ADVHS01|E1201|G1201|J1203|L1303|OA1322|OH1306|OI1303|OI1305
27080,Student_27080,8,A1204.2|ADVHS01.35|E1201.6|G1201.6|J1203.5|L1304.2|OH1501.1|OI1305.2,A1204|ADVHS01|E1201|G1201|J1203|L1304|OH1501|OI1305
27029,Student_27029,9,A1204.3|ADVHS01.23|E1201.4|G1201.3|I1208.1|J1203.1|L1304.1|OH1501.1|OI1303.1,A1204|ADVHS01|E1201|G1201|I1208|J1203|L1304|OH1501|OI1303
27083,Student_27083,9,ADVHS01.28|E1201.5|G1201.1|J1203.2|L1303.1|OA1322.1|OC1305.1|OH1306.2|OI1305.2,ADVHS01|E1201|G1201|J1203|L1303|OA1322|OC1305|OH1306|OI1305
28063,Student_28063,7,A1105.2|ADVHS01.20|E1101.4|L1304.2|OA1317.1|OC1306.1|OI1305.5,A1105|ADVHS01|E1101|L1304|OA1317|OC1306|OI1305
28010,Student_28010,9,A1105.5|ADVHS01.1|C0904.2|E1101.5|G1203.3|L1301.3|OH1401.2|OI1003.1|OJ1204.1,A1105|ADVHS01|C0904|E1101|G1203|L1301|OH1401|OI1003|OJ1204
28088,Student_28088,9,A1105.5|ADVHS01.24|C0904.1|E1101.5|G1203.2|L1304.4|OA1304.1|OH1305.1|OI1305.1,A1105|ADVHS01|C0904|E1101|G1203|L1304|OA1304|OH1305|OI1305
30007,Student_30007,9,A0901.1|ADVHS01.26|B0901.7|E0901.3|G0901.4|H0904.7|I1003.1|J0903.3|OC1305.1,A0901|ADVHS01|B0901|E0901|G0901|H0904|I1003|J0903|OC1305
29053,Student_29053,8,A1006.2|ADVHS01.34|B1001.1|E1001.3|G1004.3|H1001.3|I1211.1|OZ1323.2,A1006|ADVHS01|B1001|E1001|G1004|H1001|I1211|OZ1323
29107,Student_29107,8,A1006.4|ADVHS01.32|B1001.2|E1001.6|G1004.5|H1206.1|OI1003.6|OZ1323.2,A1006|ADVHS01|B1001|E1001|G1004|H1206|OI1003|OZ1323
27132,Student_27132,8,ADVHS01.10|E1201.4|G1201.6|I1208.1|J1203.2|L1304.3|OH1501.2|OI1303.1,ADVHS01|E1201|G1201|I1208|J1203|L1304|OH1501|OI1303
30141,Student_30141,8,A0901.1|ADVHS01.20|B0901.6|E0901.4|G0901.6|H0904.6|I0903.2|OC1305.3,A0901|ADVHS01|B0901|E0901|G0901|H0904|I0903|OC1305
28071,Student_28071,8,ADVHS01.9|E1101.3|G1203.4|H1201B.1|L1304.4|OA1317.1|OA1319.1|OC1306.1,ADVHS01|E1101|G1203|H1201B|L1304|OA1317|OA1319|OC1306
28052,Student_28052,8,ADVHS01.12|E1101.1|I1214.1|L1303.1|OA1319.2|OC1305.1|OI1305.1|VHS0052.2,ADVHS01|E1101|I1214|L1303|OA1319|OC1305|OI1305|VHS0052
28011,Student_28011,8,ADVHS01.11|C0905.1|E1101.1|G1203.1|L1304.2|OA1319.1|OH1305.1|OI1003.6,ADVHS01|C0905|E1101|G1203|L1304|OA1319|OH1305|OI1003
28002,Student_28002,9,ADVHS01.3|E1101.2|G1203.4|I1214.2|L1304.1|OA1319.1|OC1305.3|OI1305.5|OZ1207.2,ADVHS01|E1101|G1203|I1214|L1304|OA1319|OC1305|OI1305|OZ1207
29101,Student_29101,9,A1006.7|ADVHS01.36|B1001.3|C0904.1|E1001.6|G1004.5|H1001.2|OI1003.4|OZ1323.1,A1006|ADVHS01|B1001|C0904|E1001|G1004|H1001|OI1003|OZ1323
29075,Student_29075,9,A1006.3|ADVHS01.34|B1001.4|C0904.1|E1001.4|G1004.2|H1001.2|OI1003.4|OZ1323.4,A1006|ADVHS01|B1001|C0904|E1001|G1004|H1001|OI1003|OZ1323
30147,Student_30147,9,A0901.2|ADVHS01.1|B0901.7|E0901.3|G0901.1|H0904.7|I0903.1|J0901.3|OC1305.2,A0901|ADVHS01|B0901|E0901|G0901|H0904|I0903|J0901|OC1305
29114,Student_29114,9,A1006.3|ADVHS01.32|B1001.7|E1001.6|G1004.3|H1001.4|I1211.1|OZ1207.2|OZ1323.1,A1006|ADVHS01|B1001|E1001|G1004|H1001|I1211|OZ1207|OZ1323
29062,Student_29062,9,A1006.2|ADVHS01.34|B1001.2|C0904.1|E1001.6|G1004.1|H1206.2|I1211.2|OZ1323.2,A1006|ADVHS01|B1001|C0904|E1001|G1004|H1206|I1211|OZ1323
28107,Student_28107,8,A1105.2|ADVHS01.16|C0904.2|E1101.2|G1203.4|H1201B.1|OI1305.5|OJ1203.1,A1105|ADVHS01|C0904|E1101|G1203|H1201B|OI1305|OJ1203
28174,Student_28174,7,A1105.2|ADVHS01.16|C0904.2|E1101.2|H1201B.1|OI1003.1|OJ1203.1,A1105|ADVHS01|C0904|E1101|H1201B|OI1003|OJ1203
29058,Student_29058,9,A1006.5|ADVHS01.30|B1001.1|C0907.1|E1001.2|G1004.7|I1214.3|OI1003.5|OZ1323.2,A1006|ADVHS01|B1001|C0907|E1001|G1004|I1214|OI1003|OZ1323
28049,Student_28049,9,A1105.3|ADVHS01.34|E1101.4|G1203.4|I1215.1|L1301.2|OC1310.1|OH1305.1|OI1003.1,A1105|ADVHS01|E1101|G1203|I1215|L1301|OC1310|OH1305|OI1003
30061,Student_30061,8,A0901.2|ADVHS01.24|B0901.1|G0901.2|H0904.1|I1003.6|J0901.1|OC1305.4,A0901|ADVHS01|B0901|G0901|H0904|I1003|J0901|OC1305
30101,Student_30101,8,A0901.1|ADVHS01.34|B0901.4|C0904.2|E0901.6|G0901.2|H0904.2|J0903.2,A0901|ADVHS01|B0901|C0904|E0901|G0901|H0904|J0903
29161,Student_29161,8,A1006.6|ADVHS01.17|B1001.3|E1001.6|I1214.3|OI1003.1|OZ1207.1|OZ1323.2,A1006|ADVHS01|B1001|E1001|I1214|OI1003|OZ1207|OZ1323
27162,Student_27162,9,ADVHS01.35|E1201.3|G1201.4|L1304.1|OA1322.1|OB1532.1|OC1310.3|OH1501.2|OI1305.1,ADVHS01|E1201|G1201|L1304|OA1322|OB1532|OC1310|OH1501|OI1305
27147,Student_27147,9,ADVHS01.5|C0907.1|E1201.5|G1201.1|I1204.2|J1203.1|L1301.1|OA1322.1|OH1306.1,ADVHS01|C0907|E1201|G1201|I1204|J1203|L1301|OA1322|OH1306
29132,Student_29132,9,A1006.3|ADVHS01.7|B1001.6|B1006.2|C0905.1|E1001.4|G1004.4|H1001.3|I1211.1,A1006|ADVHS01|B1001|B1006|C0905|E1001|G1004|H1001|I1211
28062,Student_28062,8,A1105.2|ADVHS01.23|C0904.1|E1101.2|G1203.2|L1301.1|OI1305.5|OJ1204.1,A1105|ADVHS01|C0904|E1101|G1203|L1301|OI1305|OJ1204
27076,Student_27076,9,A1204.1|ADVHS01.20|C0905.1|E1201.2|G1201.6|J1203.4|L1304.2|OH1501.1|OI1305.5,A1204|ADVHS01|C0905|E1201|G1201|J1203|L1304|OH1501|OI1305
28077,Student_28077,8,A1006.3|ADVHS01.8|B1001.1|B1006.1|E1001.5|G1004.3|H1001.3|I1003.3,A1006|ADVHS01|B1001|B1006|E1001|G1004|H1001|I1003
27095,Student_27095,9,A1204.3|ADVHS01.24|E1201.4|G1201.3|I1208.1|J1203.3|L1303.1|OH1306.1|OI1303.1,A1204|ADVHS01|E1201|G1201|I1208|J1203|L1303|OH1306|OI1303
28040,Student_28040,8,ADVHS01.12|E1101.3|G1203.3|L1304.2|OA1319.2|OC1307.1|OH1305.2|OJ1203.1,ADVHS01|E1101|G1203|L1304|OA1319|OC1307|OH1305|OJ1203
29072,Student_29072,9,A1006.6|ADVHS01.15|B1001.5|E1001.6|G1004.1|H1001.3|OI1003.6|OZ1207.2|OZ1323.4,A1006|ADVHS01|B1001|E1001|G1004|H1001|OI1003|OZ1207|OZ1323
27107,Student_27107,8,A1204.2|ADVHS01.1|E1201.6|G1201.5|J1203.5|L1303.1|OC1310.3|OI1305.3,A1204|ADVHS01|E1201|G1201|J1203|L1303|OC1310|OI1305
30011,Student_30011,9,A0901.1|ADVHS01.32|B0901.5|C0904.3|E0901.3|G0901.1|H0904.7|I1003.2|J0901.3,A0901|ADVHS01|B0901|C0904|E0901|G0901|H0904|I1003|J0901
29099,Student_29099,8,A1006.4|ADVHS01.11|B1001.1|E1001.1|G1004.1|H1001.1|I1003.3|OZ1323.3,A1006|ADVHS01|B1001|E1001|G1004|H1001|I1003|OZ1323
30170,Student_30170,9,A0901.2|ADVHS01.21|B0901.3|E0901.1|G0901.7|H0904.4|I1003.2|J0901.2|OC1306.1,A0901|ADVHS01|B0901|E0901|G0901|H0904|I1003|J0901|OC1306
30004,Student_30004,9,A0901.5|ADVHS01.24|B0901.2|E0901.6|G0901.7|H0904.3|I0903.2|J0901.3|OC1305.2,A0901|ADVHS01|B0901|E0901|G0901|H0904|I0903|J0901|OC1305
29143,Student_29143,9,A1006.4|ADVHS01.8|B1001.4|C0904.1|E1001.4|G1004.4|H1001.1|I1003.4|OZ1323.2,A1006|ADVHS01|B1001|C0904|E1001|G1004|H1001|I1003|OZ1323
30015,Student_30015,9,A0901.6|ADVHS01.21|B0901.4|C0904.2|E0901.5|G0901.6|H0904.4|I1003.1|J0901.1,A0901|ADVHS01|B0901|C0904|E0901|G0901|H0904|I1003|J0901
27146,Student_27146,8,ADVHS01.12|E1201.4|G1201.5|I1204.1|J1203.5|L1304.2|OA1318.1|OB1520.1,ADVHS01|E1201|G1201|I1204|J1203|L1304|OA1318|OB1520
27096,Student_27096,8,ADVHS01.31|E1201.2|G1201.5|L1301.3|OA1304.1|OB1532.1|OC1310.1|OI1305.1,ADVHS01|E1201|G1201|L1301|OA1304|OB1532|OC1310|OI1305
28076,Student_28076,7,ADVHS01.7|E1101.5|L1302.1|OA1319.2|OC1305.3|OC1314.1|OI1305.2,ADVHS01|E1101|L1302|OA1319|OC1305|OC1314|OI1305
30163,Student_30163,9,A0901.2|ADVHS01.6|B0901.1|C0904.4|E0901.2|G0901.6|H0904.1|I1003.3|J0901.1,A0901|ADVHS01|B0901|C0904|E0901|G0901|H0904|I1003|J0901
30052,Student_30052,8,A0901.5|ADVHS01.15|B0901.6|C0904.3|E0901.1|G0901.2|H0904.7|J0903.2,A0901|ADVHS01|B0901|C0904|E0901|G0901|H0904|J0903
28165,Student_28165,8,A1105.1|ADVHS01.36|E1101.2|G1203.4|L1301.1|OC1314.1|OH1401.1|OI1003.6,A1105|ADVHS01|E1101|G1203|L1301|OC1314|OH1401|OI1003
27110,Student_27110,8,A1204.1|ADVHS01.33|E1201.6|G1201.1|J1203.1|OH1501.1|OI1303.2|OI1305.1,A1204|ADVHS01|E1201|G1201|J1203|OH1501|OI1303|OI1305
30126,Student_30126,9,A0901.4|ADVHS01.29|B0901.4|E0901.1|G0901.4|H0904.6|I1003.1|J0903.2|OC1305.3,A0901|ADVHS01|B0901|E0901|G0901|H0904|I1003|J0903|OC1305
27119,Student_27119,8,A1204.1|ADVHS01.29|C0907.1|E1201.4|G1202.1|I1208.1|L1303.1|OH1306.1,A1204|ADVHS01|C0907|E1201|G1202|I1208|L1303|OH1306
30084,Student_30084,9,A0901.3|ADVHS01.5|B0901.5|E0901.4|G0901.1|H0904.2|I1003.7|J0903.2|OC1305.3,A0901|ADVHS01|B0901|E0901|G0901|H0904|I1003|J0903|OC1305
27118,Student_27118,8,A1204.3|ADVHS01.28|E1201.1|G1201.3|J1203.3|L1301.3|OC1305.3|OI1305.2,A1204|ADVHS01|E1201|G1201|J1203|L1301|OC1305|OI1305
