Day,Block,Period,SectionNumber,Section_ID_Internal,CourseID,LinkedCourseIDs,TeacherID,RoomID,TermID
E,3,3(E),101,ADVHS01.1,ADVHS01,,8456,4,3600
A,1,1(A)2(D)4(B),101,C0904.1,C0904,,8456,25,3600
D,2,1(A)2(D)4(B),101,C0904.1,C0904,,8456,25,3600
B,4,1(A)2(D)4(B),101,C0904.1,C0904,,8456,25,3600
B,2,2(B)4(E)5(C),102,C0904.2,C0904,,8456,25,3600
E,4,2(B)4(E)5(C),102,C0904.2,C0904,,8456,25,3600
C,5,2(B)4(E)5(C),102,C0904.2,C0904,,8456,25,3600
C,2,2(C)4(A)5(D),103,C0904.3,C0904,,8456,25,3600
A,4,2(C)4(A)5(D),103,C0904.3,C0904,,8456,25,3600
D,5,2(C)4(A)5(D),103,C0904.3,C0904,,8456,25,3600
B,1,1(B)2(E)4(C),104,C0904.4,C0904,,8456,25,3600
E,2,1(B)2(E)4(C),104,C0904.4,C0904,,8456,25,3600
C,4,1(B)2(E)4(C),104,C0904.4,C0904,,8456,25,3600
A,2,2(A)3(D)5(B),101,C0905.1,C0905,,8456,25,3600
D,3,2(A)3(D)5(B),101,C0905.1,C0905,,8456,25,3600
B,5,2(A)3(D)5(B),101,C0905.1,C0905,,8456,25,3600
C,1,1(C)3(A)4(D),101,C0907.1,C0907,,8456,25,3600
A,3,1(C)3(A)4(D),101,C0907.1,C0907,,8456,25,3600
D,4,1(C)3(A)4(D),101,C0907.1,C0907,,8456,25,3600
E,3,3(E),102,ADVHS01.2,ADVHS01,,4202,6,3600
B,2,2(B)4(E)5(C),101,I1211.1,I1211,,4202,19,3600
E,4,2(B)4(E)5(C),101,I1211.1,I1211,,4202,19,3600
C,5,2(B)4(E)5(C),101,I1211.1,I1211,,4202,19,3600
B,1,1(B)2(E)4(C),102,I1211.2,I1211,,4202,19,3600
E,2,1(B)2(E)4(C),102,I1211.2,I1211,,4202,19,3600
C,4,1(B)2(E)4(C),102,I1211.2,I1211,,4202,19,3600
A,2,2(A)3(D)5(B),101,OI1003.1,OI1003,,4202,19,3600
D,3,2(A)3(D)5(B),101,OI1003.1,OI1003,,4202,19,3600
B,5,2(A)3(D)5(B),101,OI1003.1,OI1003,,4202,19,3600
E,1,1(E)3(C)5(A),101,OI1303.1,OI1303,,4202,19,3600
C,3,1(E)3(C)5(A),101,OI1303.1,OI1303,,4202,19,3600
A,5,1(E)3(C)5(A),101,OI1303.1,OI1303,,4202,19,3600
C,1,1(C)3(A)4(D),102,OI1303.2,OI1303,,4202,19,3600
A,3,1(C)3(A)4(D),102,OI1303.2,OI1303,,4202,19,3600
D,4,1(C)3(A)4(D),102,OI1303.2,OI1303,,4202,19,3600
E,3,3(E),103,ADVHS01.3,ADVHS01,,3752,79,3600
D,1,1(D)3(B)5(E),101,I1215.1,I1215,OC1313,3752,11,3600
B,3,1(D)3(B)5(E),101,I1215.1,I1215,OC1313,3752,11,3600
E,5,1(D)3(B)5(E),101,I1215.1,I1215,OC1313,3752,11,3600
E,1,1(E)3(C)5(A),101,OC1305.1,OC1305,,3752,11,3600
C,3,1(E)3(C)5(A),101,OC1305.1,OC1305,,3752,11,3600
A,5,1(E)3(C)5(A),101,OC1305.1,OC1305,,3752,11,3600
A,1,1(A)2(D)4(B),102,OC1305.2,OC1305,,3752,11,3600
D,2,1(A)2(D)4(B),102,OC1305.2,OC1305,,3752,11,3600
B,4,1(A)2(D)4(B),102,OC1305.2,OC1305,,3752,11,3600
B,1,1(B)2(E)4(C),103,OC1305.3,OC1305,,3752,11,3600
E,2,1(B)2(E)4(C),103,OC1305.3,OC1305,,3752,11,3600
C,4,1(B)2(E)4(C),103,OC1305.3,OC1305,,3752,11,3600
C,2,2(C)4(A)5(D),101,OC1306.1,OC1306,OC1312,3752,11,3600
A,4,2(C)4(A)5(D),101,OC1306.1,OC1306,OC1312,3752,11,3600
D,5,2(C)4(A)5(D),101,OC1306.1,OC1306,OC1312,3752,11,3600
E,3,3(E),104,ADVHS01.4,ADVHS01,,342,351,3600
C,2,2(C)4(A)5(D),101,G1201.1,G1201,,342,16,3600
A,4,2(C)4(A)5(D),101,G1201.1,G1201,,342,16,3600
D,5,2(C)4(A)5(D),101,G1201.1,G1201,,342,16,3600
B,1,1(B)2(E)4(C),102,G1201.2,G1201,,342,16,3600
E,2,1(B)2(E)4(C),102,G1201.2,G1201,,342,16,3600
C,4,1(B)2(E)4(C),102,G1201.2,G1201,,342,16,3600
A,1,1(A)2(D)4(B),103,G1201.3,G1201,,342,16,3600
D,2,1(A)2(D)4(B),103,G1201.3,G1201,,342,16,3600
B,4,1(A)2(D)4(B),103,G1201.3,G1201,,342,16,3600
D,1,1(D)3(B)5(E),104,G1201.4,G1201,,342,16,3600
B,3,1(D)3(B)5(E),104,G1201.4,G1201,,342,16,3600
E,5,1(D)3(B)5(E),104,G1201.4,G1201,,342,16,3600
C,1,1(C)3(A)4(D),101,G1202.1,G1202,,342,16,3600
A,3,1(C)3(A)4(D),101,G1202.1,G1202,,342,16,3600
D,4,1(C)3(A)4(D),101,G1202.1,G1202,,342,16,3600
E,1,1(E)3(C)5(A),101,A1006.1,A1006,,2023,12,3600
C,3,1(E)3(C)5(A),101,A1006.1,A1006,,2023,12,3600
A,5,1(E)3(C)5(A),101,A1006.1,A1006,,2023,12,3600
A,2,2(A)3(D)5(B),102,A1006.2,A1006,,2023,12,3600
D,3,2(A)3(D)5(B),102,A1006.2,A1006,,2023,12,3600
B,5,2(A)3(D)5(B),102,A1006.2,A1006,,2023,12,3600
B,1,1(B)2(E)4(C),103,A1006.3,A1006,,2023,12,3600
E,2,1(B)2(E)4(C),103,A1006.3,A1006,,2023,12,3600
C,4,1(B)2(E)4(C),103,A1006.3,A1006,,2023,12,3600
D,1,1(D)3(B)5(E),101,A1105.1,A1105,,2023,12,3600
B,3,1(D)3(B)5(E),101,A1105.1,A1105,,2023,12,3600
E,5,1(D)3(B)5(E),101,A1105.1,A1105,,2023,12,3600
E,3,3(E),105,ADVHS01.5,ADVHS01,,2023,304,3600
A,1,1(A)2(D)4(B),101,OA1304.1,OA1304,,2023,12,3600
D,2,1(A)2(D)4(B),101,OA1304.1,OA1304,,2023,12,3600
B,4,1(A)2(D)4(B),101,OA1304.1,OA1304,,2023,12,3600
E,3,3(E),106,ADVHS01.6,ADVHS01,,9799,303,3600
D,1,1(D)3(B)5(E),102,OI1003.2,OI1003,,9799,6,3600
B,3,1(D)3(B)5(E),102,OI1003.2,OI1003,,9799,6,3600
E,5,1(D)3(B)5(E),102,OI1003.2,OI1003,,9799,6,3600
B,2,2(B)4(E)5(C),103,OI1003.3,OI1003,,9799,6,3600
E,4,2(B)4(E)5(C),103,OI1003.3,OI1003,,9799,6,3600
C,5,2(B)4(E)5(C),103,OI1003.3,OI1003,,9799,6,3600
E,1,1(E)3(C)5(A),104,OI1003.4,OI1003,,9799,6,3600
C,3,1(E)3(C)5(A),104,OI1003.4,OI1003,,9799,6,3600
A,5,1(E)3(C)5(A),104,OI1003.4,OI1003,,9799,6,3600
B,1,1(B)2(E)4(C),105,OI1003.5,OI1003,,9799,6,3600
E,2,1(B)2(E)4(C),105,OI1003.5,OI1003,,9799,6,3600
C,4,1(B)2(E)4(C),105,OI1003.5,OI1003,,9799,6,3600
A,2,2(A)3(D)5(B),106,OI1003.6,OI1003,,9799,6,3600
D,3,2(A)3(D)5(B),106,OI1003.6,OI1003,,9799,6,3600
B,5,2(A)3(D)5(B),106,OI1003.6,OI1003,,9799,6,3600
A,2,2(A)3(D)5(B),101,E0901.1,E0901,,5609,79,3600
D,3,2(A)3(D)5(B),101,E0901.1,E0901,,5609,79,3600
B,5,2(A)3(D)5(B),101,E0901.1,E0901,,5609,79,3600
E,1,1(E)3(C)5(A),102,E0901.2,E0901,,5609,79,3600
C,3,1(E)3(C)5(A),102,E0901.2,E0901,,5609,79,3600
A,5,1(E)3(C)5(A),102,E0901.2,E0901,,5609,79,3600
B,1,1(B)2(E)4(C),103,E0901.3,E0901,,5609,79,3600
E,2,1(B)2(E)4(C),103,E0901.3,E0901,,5609,79,3600
C,4,1(B)2(E)4(C),103,E0901.3,E0901,,5609,79,3600
C,2,2(C)4(A)5(D),104,E0901.4,E0901,,5609,79,3600
A,4,2(C)4(A)5(D),104,E0901.4,E0901,,5609,79,3600
D,5,2(C)4(A)5(D),104,E0901.4,E0901,,5609,79,3600
D,1,1(D)3(B)5(E),105,E0901.5,E0901,,5609,79,3600
B,3,1(D)3(B)5(E),105,E0901.5,E0901,,5609,79,3600
E,5,1(D)3(B)5(E),105,E0901.5,E0901,,5609,79,3600
A,1,1(A)2(D)4(B),106,E0901.6,E0901,,5609,79,3600
D,2,1(A)2(D)4(B),106,E0901.6,E0901,,5609,79,3600
B,4,1(A)2(D)4(B),106,E0901.6,E0901,,5609,79,3600
B,2,2(B)4(E)5(C),101,OB1532.1,OB1532,,3961,29,3600
E,4,2(B)4(E)5(C),101,OB1532.1,OB1532,,3961,29,3600
C,5,2(B)4(E)5(C),101,OB1532.1,OB1532,,3961,29,3600
D,1,1(D)3(B)5(E),101,E1001.1,E1001,,6602,351,3600
B,3,1(D)3(B)5(E),101,E1001.1,E1001,,6602,351,3600
E,5,1(D)3(B)5(E),101,E1001.1,E1001,,6602,351,3600
A,1,1(A)2(D)4(B),102,E1001.2,E1001,,6602,351,3600
D,2,1(A)2(D)4(B),102,E1001.2,E1001,,6602,351,3600
B,4,1(A)2(D)4(B),102,E1001.2,E1001,,6602,351,3600
A,2,2(A)3(D)5(B),103,E1001.3,E1001,,6602,351,3600
D,3,2(A)3(D)5(B),103,E1001.3,E1001,,6602,351,3600
B,5,2(A)3(D)5(B),103,E1001.3,E1001,,6602,351,3600
C,2,2(C)4(A)5(D),104,E1001.4,E1001,,6602,351,3600
A,4,2(C)4(A)5(D),104,E1001.4,E1001,,6602,351,3600
D,5,2(C)4(A)5(D),104,E1001.4,E1001,,6602,351,3600
E,1,1(E)3(C)5(A),105,E1001.5,E1001,,6602,351,3600
C,3,1(E)3(C)5(A),105,E1001.5,E1001,,6602,351,3600
A,5,1(E)3(C)5(A),105,E1001.5,E1001,,6602,351,3600
B,1,1(B)2(E)4(C),106,E1001.6,E1001,,6602,351,3600
E,2,1(B)2(E)4(C),106,E1001.6,E1001,,6602,351,3600
C,4,1(B)2(E)4(C),106,E1001.6,E1001,,6602,351,3600
D,1,1(D)3(B)5(E),101,A1204.1,A1204,,8303,10,3600
B,3,1(D)3(B)5(E),101,A1204.1,A1204,,8303,10,3600
E,5,1(D)3(B)5(E),101,A1204.1,A1204,,8303,10,3600
B,2,2(B)4(E)5(C),102,A1204.2,A1204,,8303,10,3600
E,4,2(B)4(E)5(C),102,A1204.2,A1204,,8303,10,3600
C,5,2(B)4(E)5(C),102,A1204.2,A1204,,8303,10,3600
C,1,1(C)3(A)4(D),103,A1204.3,A1204,,8303,10,3600
A,3,1(C)3(A)4(D),103,A1204.3,A1204,,8303,10,3600
D,4,1(C)3(A)4(D),103,A1204.3,A1204,,8303,10,3600
E,3,3(E),107,ADVHS01.7,ADVHS01,,8303,302,3600
E,1,1(E)3(C)5(A),101,OA1318.1,OA1318,,8303,10,3600
C,3,1(E)3(C)5(A),101,OA1318.1,OA1318,,8303,10,3600
A,5,1(E)3(C)5(A),101,OA1318.1,OA1318,,8303,10,3600
C,2,2(C)4(A)5(D),101,OZ1207.1,OZ1207,,8303,10,3600
A,4,2(C)4(A)5(D),101,OZ1207.1,OZ1207,,8303,10,3600
D,5,2(C)4(A)5(D),101,OZ1207.1,OZ1207,,8303,10,3600
E,3,3(E),108,ADVHS01.8,ADVHS01,,11252,301,3600
C,1,1(C)3(A)4(D),101,H0904.1,H0904,,11252,1,3600
A,3,1(C)3(A)4(D),101,H0904.1,H0904,,11252,1,3600
D,4,1(C)3(A)4(D),101,H0904.1,H0904,,11252,1,3600
B,2,2(B)4(E)5(C),102,H0904.2,H0904,,11252,21,3600
E,4,2(B)4(E)5(C),102,H0904.2,H0904,,11252,21,3600
C,5,2(B)4(E)5(C),102,H0904.2,H0904,,11252,21,3600
A,2,2(A)3(D)5(B),103,H0904.3,H0904,,11252,15,3600
D,3,2(A)3(D)5(B),103,H0904.3,H0904,,11252,15,3600
B,5,2(A)3(D)5(B),103,H0904.3,H0904,,11252,15,3600
E,1,1(E)3(C)5(A),101,H1001.1,H1001,,11252,7,3600
C,3,1(E)3(C)5(A),101,H1001.1,H1001,,11252,7,3600
A,5,1(E)3(C)5(A),101,H1001.1,H1001,,11252,7,3600
A,1,1(A)2(D)4(B),102,H1001.2,H1001,,11252,15,3600
D,2,1(A)2(D)4(B),102,H1001.2,H1001,,11252,15,3600
B,4,1(A)2(D)4(B),102,H1001.2,H1001,,11252,15,3600
E,3,3(E),109,ADVHS01.9,ADVHS01,,9067,352,3600
E,1,1(E)3(C)5(A),101,H1206.1,H1206,,9067,1,3600
C,3,1(E)3(C)5(A),101,H1206.1,H1206,,9067,1,3600
A,5,1(E)3(C)5(A),101,H1206.1,H1206,,9067,1,3600
A,2,2(A)3(D)5(B),102,H1206.2,H1206,,9067,1,3600
D,3,2(A)3(D)5(B),102,H1206.2,H1206,,9067,1,3600
B,5,2(A)3(D)5(B),102,H1206.2,H1206,,9067,1,3600
B,2,2(B)4(E)5(C),101,I1214.1,I1214,,9067,1,3600
E,4,2(B)4(E)5(C),101,I1214.1,I1214,,9067,1,3600
C,5,2(B)4(E)5(C),101,I1214.1,I1214,,9067,1,3600
C,2,2(C)4(A)5(D),102,I1214.2,I1214,,9067,1,3600
A,4,2(C)4(A)5(D),102,I1214.2,I1214,,9067,1,3600
D,5,2(C)4(A)5(D),102,I1214.2,I1214,,9067,1,3600
B,1,1(B)2(E)4(C),103,I1214.3,I1214,,9067,1,3600
E,2,1(B)2(E)4(C),103,I1214.3,I1214,,9067,1,3600
C,4,1(B)2(E)4(C),103,I1214.3,I1214,,9067,1,3600
E,3,3(E),110,ADVHS01.10,ADVHS01,,10760,353,3600
E,1,1(E)3(C)5(A),101,J0903.1,J0903,,10760,301,3600
C,3,1(E)3(C)5(A),101,J0903.1,J0903,,10760,301,3600
A,5,1(E)3(C)5(A),101,J0903.1,J0903,,10760,301,3600
B,2,2(B)4(E)5(C),102,J0903.2,J0903,,10760,301,3600
E,4,2(B)4(E)5(C),102,J0903.2,J0903,,10760,301,3600
C,5,2(B)4(E)5(C),102,J0903.2,J0903,,10760,301,3600
A,1,1(A)2(D)4(B),103,J0903.3,J0903,,10760,301,3600
D,2,1(A)2(D)4(B),103,J0903.3,J0903,,10760,301,3600
B,4,1(A)2(D)4(B),103,J0903.3,J0903,,10760,301,3600
C,2,2(C)4(A)5(D),101,J1203.1,J1203,,10760,301,3600
A,4,2(C)4(A)5(D),101,J1203.1,J1203,,10760,301,3600
D,5,2(C)4(A)5(D),101,J1203.1,J1203,,10760,301,3600
A,2,2(A)3(D)5(B),102,J1203.2,J1203,,10760,301,3600
D,3,2(A)3(D)5(B),102,J1203.2,J1203,,10760,301,3600
B,5,2(A)3(D)5(B),102,J1203.2,J1203,,10760,301,3600
E,3,3(E),111,ADVHS01.11,ADVHS01,,8754,152,3600
A,1,1(A)2(D)4(B),101,J0901.1,J0901,,8754,304,3600
D,2,1(A)2(D)4(B),101,J0901.1,J0901,,8754,304,3600
B,4,1(A)2(D)4(B),101,J0901.1,J0901,,8754,304,3600
B,2,2(B)4(E)5(C),102,J0901.2,J0901,,8754,304,3600
E,4,2(B)4(E)5(C),102,J0901.2,J0901,,8754,304,3600
C,5,2(B)4(E)5(C),102,J0901.2,J0901,,8754,304,3600
A,2,2(A)3(D)5(B),103,J0901.3,J0901,,8754,304,3600
D,3,2(A)3(D)5(B),103,J0901.3,J0901,,8754,304,3600
B,5,2(A)3(D)5(B),103,J0901.3,J0901,,8754,304,3600
C,2,2(C)4(A)5(D),101,OJ1204.1,OJ1204,,8754,304,3600
A,4,2(C)4(A)5(D),101,OJ1204.1,OJ1204,,8754,304,3600
D,5,2(C)4(A)5(D),101,OJ1204.1,OJ1204,,8754,304,3600
E,3,3(E),112,ADVHS01.12,ADVHS01,,6354,151,3600
B,1,1(B)2(E)4(C),103,J1203.3,J1203,,6354,303,3600
E,2,1(B)2(E)4(C),103,J1203.3,J1203,,6354,303,3600
C,4,1(B)2(E)4(C),103,J1203.3,J1203,,6354,303,3600
C,1,1(C)3(A)4(D),104,J1203.4,J1203,,6354,303,3600
A,3,1(C)3(A)4(D),104,J1203.4,J1203,,6354,303,3600
D,4,1(C)3(A)4(D),104,J1203.4,J1203,,6354,303,3600
B,2,2(B)4(E)5(C),105,J1203.5,J1203,,6354,303,3600
E,4,2(B)4(E)5(C),105,J1203.5,J1203,,6354,303,3600
C,5,2(B)4(E)5(C),105,J1203.5,J1203,,6354,303,3600
D,1,1(D)3(B)5(E),101,OJ1203.1,OJ1203,,6354,303,3600
B,3,1(D)3(B)5(E),101,OJ1203.1,OJ1203,,6354,303,3600
E,5,1(D)3(B)5(E),101,OJ1203.1,OJ1203,,6354,303,3600
E,1,1(E)3(C)5(A),102,OJ1203.2,OJ1203,,6354,303,3600
C,3,1(E)3(C)5(A),102,OJ1203.2,OJ1203,,6354,303,3600
A,5,1(E)3(C)5(A),102,OJ1203.2,OJ1203,,6354,303,3600
E,3,3(E),113,ADVHS01.13,ADVHS01,,5850,30,3600
A,2,2(A)3(D)5(B),101,H1201B.1,H1201B,,5850,2,3600
D,3,2(A)3(D)5(B),101,H1201B.1,H1201B,,5850,2,3600
B,5,2(A)3(D)5(B),101,H1201B.1,H1201B,,5850,2,3600
C,2,2(C)4(A)5(D),101,OH1305.1,OH1305,,5850,2,3600
A,4,2(C)4(A)5(D),101,OH1305.1,OH1305,,5850,2,3600
D,5,2(C)4(A)5(D),101,OH1305.1,OH1305,,5850,2,3600
E,1,1(E)3(C)5(A),101,OH1306.1,OH1306,,5850,2,3600
C,3,1(E)3(C)5(A),101,OH1306.1,OH1306,,5850,2,3600
A,5,1(E)3(C)5(A),101,OH1306.1,OH1306,,5850,2,3600
C,1,1(C)3(A)4(D),102,OH1306.2,OH1306,,5850,2,3600
A,3,1(C)3(A)4(D),102,OH1306.2,OH1306,,5850,2,3600
D,4,1(C)3(A)4(D),102,OH1306.2,OH1306,,5850,2,3600
D,1,1(D)3(B)5(E),103,OH1306.3,OH1306,,5850,2,3600
B,3,1(D)3(B)5(E),103,OH1306.3,OH1306,,5850,2,3600
E,5,1(D)3(B)5(E),103,OH1306.3,OH1306,,5850,2,3600
E,3,3(E),114,ADVHS01.14,ADVHS01,,502,29,3600
B,1,1(B)2(E)4(C),101,L1302.1,L1302,,502,21,3600
E,2,1(B)2(E)4(C),101,L1302.1,L1302,,502,21,3600
C,4,1(B)2(E)4(C),101,L1302.1,L1302,,502,21,3600
A,1,1(A)2(D)4(B),102,L1302.2,L1302,,502,21,3600
D,2,1(A)2(D)4(B),102,L1302.2,L1302,,502,21,3600
B,4,1(A)2(D)4(B),102,L1302.2,L1302,,502,21,3600
C,2,2(C)4(A)5(D),101,L1303.1,L1303,,502,21,3600
A,4,2(C)4(A)5(D),101,L1303.1,L1303,,502,21,3600
D,5,2(C)4(A)5(D),101,L1303.1,L1303,,502,21,3600
D,1,1(D)3(B)5(E),101,L1304.1,L1304,,502,21,3600
B,3,1(D)3(B)5(E),101,L1304.1,L1304,,502,21,3600
E,5,1(D)3(B)5(E),101,L1304.1,L1304,,502,21,3600
E,1,1(E)3(C)5(A),102,L1304.2,L1304,,502,21,3600
C,3,1(E)3(C)5(A),102,L1304.2,L1304,,502,21,3600
A,5,1(E)3(C)5(A),102,L1304.2,L1304,,502,21,3600
E,3,3(E),115,ADVHS01.15,ADVHS01,,9811,28,3600
D,1,1(D)3(B)5(E),101,B1001.1,B1001,,9811,3,3600
B,3,1(D)3(B)5(E),101,B1001.1,B1001,,9811,3,3600
E,5,1(D)3(B)5(E),101,B1001.1,B1001,,9811,3,3600
A,2,2(A)3(D)5(B),102,B1001.2,B1001,,9811,3,3600
D,3,2(A)3(D)5(B),102,B1001.2,B1001,,9811,3,3600
B,5,2(A)3(D)5(B),102,B1001.2,B1001,,9811,3,3600
C,1,1(C)3(A)4(D),105,G1201.5,G1201,,9811,3,3600
A,3,1(C)3(A)4(D),105,G1201.5,G1201,,9811,3,3600
D,4,1(C)3(A)4(D),105,G1201.5,G1201,,9811,3,3600
B,2,2(B)4(E)5(C),101,VHS0052.1,VHS0052,,9811,3,3600
E,4,2(B)4(E)5(C),101,VHS0052.1,VHS0052,,9811,3,3600
C,5,2(B)4(E)5(C),101,VHS0052.1,VHS0052,,9811,3,3600
B,1,1(B)2(E)4(C),102,VHS0052.2,VHS0052,,9811,3,3600
E,2,1(B)2(E)4(C),102,VHS0052.2,VHS0052,,9811,3,3600
C,4,1(B)2(E)4(C),102,VHS0052.2,VHS0052,,9811,3,3600
E,3,3(E),116,ADVHS01.16,ADVHS01,,5306,27,3600
B,1,1(B)2(E)4(C),103,B1001.3,B1001,,5306,22,3600
E,2,1(B)2(E)4(C),103,B1001.3,B1001,,5306,22,3600
C,4,1(B)2(E)4(C),103,B1001.3,B1001,,5306,22,3600
A,2,2(A)3(D)5(B),104,B1001.4,B1001,,5306,22,3600
D,3,2(A)3(D)5(B),104,B1001.4,B1001,,5306,22,3600
B,5,2(A)3(D)5(B),104,B1001.4,B1001,,5306,22,3600
A,1,1(A)2(D)4(B),105,B1001.5,B1001,,5306,22,3600
D,2,1(A)2(D)4(B),105,B1001.5,B1001,,5306,22,3600
B,4,1(A)2(D)4(B),105,B1001.5,B1001,,5306,22,3600
E,1,1(E)3(C)5(A),106,B1001.6,B1001,,5306,22,3600
C,3,1(E)3(C)5(A),106,B1001.6,B1001,,5306,22,3600
A,5,1(E)3(C)5(A),106,B1001.6,B1001,,5306,22,3600
B,2,2(B)4(E)5(C),107,B1001.7,B1001,,5306,22,3600
E,4,2(B)4(E)5(C),107,B1001.7,B1001,,5306,22,3600
C,5,2(B)4(E)5(C),107,B1001.7,B1001,,5306,22,3600
E,1,1(E)3(C)5(A),101,E1101.1,E1101,,9822,352,3600
C,3,1(E)3(C)5(A),101,E1101.1,E1101,,9822,352,3600
A,5,1(E)3(C)5(A),101,E1101.1,E1101,,9822,352,3600
B,1,1(B)2(E)4(C),102,E1101.2,E1101,,9822,352,3600
E,2,1(B)2(E)4(C),102,E1101.2,E1101,,9822,352,3600
C,4,1(B)2(E)4(C),102,E1101.2,E1101,,9822,352,3600
D,1,1(D)3(B)5(E),103,E1101.3,E1101,,9822,352,3600
B,3,1(D)3(B)5(E),103,E1101.3,E1101,,9822,352,3600
E,5,1(D)3(B)5(E),103,E1101.3,E1101,,9822,352,3600
C,2,2(C)4(A)5(D),104,E1101.4,E1101,,9822,352,3600
A,4,2(C)4(A)5(D),104,E1101.4,E1101,,9822,352,3600
D,5,2(C)4(A)5(D),104,E1101.4,E1101,,9822,352,3600
A,2,2(A)3(D)5(B),105,E1101.5,E1101,,9822,352,3600
D,3,2(A)3(D)5(B),105,E1101.5,E1101,,9822,352,3600
B,5,2(A)3(D)5(B),105,E1101.5,E1101,,9822,352,3600
B,2,2(B)4(E)5(C),106,E1101.6,E1101,,9822,352,3600
E,4,2(B)4(E)5(C),106,E1101.6,E1101,,9822,352,3600
C,5,2(B)4(E)5(C),106,E1101.6,E1101,,9822,352,3600
E,3,3(E),117,ADVHS01.17,ADVHS01,,8470,25,3600
B,1,1(B)2(E)4(C),101,G0901.1,G0901,,8470,17,3600
E,2,1(B)2(E)4(C),101,G0901.1,G0901,,8470,17,3600
C,4,1(B)2(E)4(C),101,G0901.1,G0901,,8470,17,3600
A,1,1(A)2(D)4(B),102,G0901.2,G0901,,8470,17,3600
D,2,1(A)2(D)4(B),102,G0901.2,G0901,,8470,17,3600
B,4,1(A)2(D)4(B),102,G0901.2,G0901,,8470,17,3600
E,1,1(E)3(C)5(A),103,G0901.3,G0901,,8470,17,3600
C,3,1(E)3(C)5(A),103,G0901.3,G0901,,8470,17,3600
A,5,1(E)3(C)5(A),103,G0901.3,G0901,,8470,17,3600
B,2,2(B)4(E)5(C),104,G0901.4,G0901,,8470,17,3600
E,4,2(B)4(E)5(C),104,G0901.4,G0901,,8470,17,3600
C,5,2(B)4(E)5(C),104,G0901.4,G0901,,8470,17,3600
D,1,1(D)3(B)5(E),101,G0902.1,G0902,G1204|G1205|G1206,8470,17,3600
B,3,1(D)3(B)5(E),101,G0902.1,G0902,G1204|G1205|G1206,8470,17,3600
E,5,1(D)3(B)5(E),101,G0902.1,G0902,G1204|G1205|G1206,8470,17,3600
E,3,3(E),118,ADVHS01.18,ADVHS01,,9793,24,3600
B,2,2(B)4(E)5(C),104,H0904.4,H0904,,9793,151,3600
E,4,2(B)4(E)5(C),104,H0904.4,H0904,,9793,151,3600
C,5,2(B)4(E)5(C),104,H0904.4,H0904,,9793,151,3600
D,1,1(D)3(B)5(E),105,H0904.5,H0904,,9793,151,3600
B,3,1(D)3(B)5(E),105,H0904.5,H0904,,9793,151,3600
E,5,1(D)3(B)5(E),105,H0904.5,H0904,,9793,151,3600
E,1,1(E)3(C)5(A),106,H0904.6,H0904,,9793,151,3600
C,3,1(E)3(C)5(A),106,H0904.6,H0904,,9793,151,3600
A,5,1(E)3(C)5(A),106,H0904.6,H0904,,9793,151,3600
B,1,1(B)2(E)4(C),107,H0904.7,H0904,,9793,151,3600
E,2,1(B)2(E)4(C),107,H0904.7,H0904,,9793,151,3600
C,4,1(B)2(E)4(C),107,H0904.7,H0904,,9793,151,3600
C,1,1(C)3(A)4(D),103,H1001.3,H1001,,9793,151,3600
A,3,1(C)3(A)4(D),103,H1001.3,H1001,,9793,151,3600
D,4,1(C)3(A)4(D),103,H1001.3,H1001,,9793,151,3600
A,2,2(A)3(D)5(B),101,E1201.1,E1201,,602,353,3600
D,3,2(A)3(D)5(B),101,E1201.1,E1201,,602,353,3600
B,5,2(A)3(D)5(B),101,E1201.1,E1201,,602,353,3600
C,1,1(C)3(A)4(D),102,E1201.2,E1201,,602,353,3600
A,3,1(C)3(A)4(D),102,E1201.2,E1201,,602,353,3600
D,4,1(C)3(A)4(D),102,E1201.2,E1201,,602,353,3600
B,1,1(B)2(E)4(C),103,E1201.3,E1201,,602,353,3600
E,2,1(B)2(E)4(C),103,E1201.3,E1201,,602,353,3600
C,4,1(B)2(E)4(C),103,E1201.3,E1201,,602,353,3600
E,1,1(E)3(C)5(A),104,E1201.4,E1201,,602,353,3600
C,3,1(E)3(C)5(A),104,E1201.4,E1201,,602,353,3600
A,5,1(E)3(C)5(A),104,E1201.4,E1201,,602,353,3600
B,2,2(B)4(E)5(C),105,E1201.5,E1201,,602,353,3600
E,4,2(B)4(E)5(C),105,E1201.5,E1201,,602,353,3600
C,5,2(B)4(E)5(C),105,E1201.5,E1201,,602,353,3600
A,1,1(A)2(D)4(B),106,E1201.6,E1201,,602,353,3600
D,2,1(A)2(D)4(B),106,E1201.6,E1201,,602,353,3600
B,4,1(A)2(D)4(B),106,E1201.6,E1201,,602,353,3600
C,1,1(C)3(A)4(D),102,A1105.2,A1105,,9803,28,3600
A,3,1(C)3(A)4(D),102,A1105.2,A1105,,9803,28,3600
D,4,1(C)3(A)4(D),102,A1105.2,A1105,,9803,28,3600
E,3,3(E),119,ADVHS01.19,ADVHS01,,9803,23,3600
A,1,1(A)2(D)4(B),101,OA1319.1,OA1319,,9803,28,3600
D,2,1(A)2(D)4(B),101,OA1319.1,OA1319,,9803,28,3600
B,4,1(A)2(D)4(B),101,OA1319.1,OA1319,,9803,28,3600
E,1,1(E)3(C)5(A),102,OA1319.2,OA1319,,9803,28,3600
C,3,1(E)3(C)5(A),102,OA1319.2,OA1319,,9803,28,3600
A,5,1(E)3(C)5(A),102,OA1319.2,OA1319,,9803,28,3600
B,2,2(B)4(E)5(C),101,OA1322.1,OA1322,,9803,28,3600
E,4,2(B)4(E)5(C),101,OA1322.1,OA1322,,9803,28,3600
C,5,2(B)4(E)5(C),101,OA1322.1,OA1322,,9803,28,3600
D,1,1(D)3(B)5(E),102,OA1322.2,OA1322,,9803,28,3600
B,3,1(D)3(B)5(E),102,OA1322.2,OA1322,,9803,28,3600
E,5,1(D)3(B)5(E),102,OA1322.2,OA1322,,9803,28,3600
E,3,3(E),120,ADVHS01.20,ADVHS01,,6766,22,3600
C,1,1(C)3(A)4(D),101,B0901.1,B0901,,6766,24,3600
A,3,1(C)3(A)4(D),101,B0901.1,B0901,,6766,24,3600
D,4,1(C)3(A)4(D),101,B0901.1,B0901,,6766,24,3600
A,2,2(A)3(D)5(B),102,B0901.2,B0901,,6766,24,3600
D,3,2(A)3(D)5(B),102,B0901.2,B0901,,6766,24,3600
B,5,2(A)3(D)5(B),102,B0901.2,B0901,,6766,24,3600
C,2,2(C)4(A)5(D),103,B0901.3,B0901,,6766,24,3600
A,4,2(C)4(A)5(D),103,B0901.3,B0901,,6766,24,3600
D,5,2(C)4(A)5(D),103,B0901.3,B0901,,6766,24,3600
B,2,2(B)4(E)5(C),101,B1006.1,B1006,,6766,24,3600
E,4,2(B)4(E)5(C),101,B1006.1,B1006,,6766,24,3600
C,5,2(B)4(E)5(C),101,B1006.1,B1006,,6766,24,3600
E,1,1(E)3(C)5(A),102,B1006.2,B1006,,6766,24,3600
C,3,1(E)3(C)5(A),102,B1006.2,B1006,,6766,24,3600
A,5,1(E)3(C)5(A),102,B1006.2,B1006,,6766,24,3600
E,3,3(E),121,ADVHS01.21,ADVHS01,,364,21,3600
D,1,1(D)3(B)5(E),101,L1301.1,L1301,,364,20,3600
B,3,1(D)3(B)5(E),101,L1301.1,L1301,,364,20,3600
E,5,1(D)3(B)5(E),101,L1301.1,L1301,,364,20,3600
A,1,1(A)2(D)4(B),102,L1301.2,L1301,,364,20,3600
D,2,1(A)2(D)4(B),102,L1301.2,L1301,,364,20,3600
B,4,1(A)2(D)4(B),102,L1301.2,L1301,,364,20,3600
E,1,1(E)3(C)5(A),103,L1301.3,L1301,,364,20,3600
C,3,1(E)3(C)5(A),103,L1301.3,L1301,,364,20,3600
A,5,1(E)3(C)5(A),103,L1301.3,L1301,,364,20,3600
A,2,2(A)3(D)5(B),103,L1304.3,L1304,,364,20,3600
D,3,2(A)3(D)5(B),103,L1304.3,L1304,,364,20,3600
B,5,2(A)3(D)5(B),103,L1304.3,L1304,,364,20,3600
B,2,2(B)4(E)5(C),104,L1304.4,L1304,,364,20,3600
E,4,2(B)4(E)5(C),104,L1304.4,L1304,,364,20,3600
C,5,2(B)4(E)5(C),104,L1304.4,L1304,,364,20,3600
E,3,3(E),122,ADVHS01.22,ADVHS01,,10153,20,3600
A,2,2(A)3(D)5(B),104,B0901.4,B0901,,10153,5,3600
D,3,2(A)3(D)5(B),104,B0901.4,B0901,,10153,5,3600
B,5,2(A)3(D)5(B),104,B0901.4,B0901,,10153,5,3600
D,1,1(D)3(B)5(E),101,I1212.1,I1212,,10153,5,3602
B,3,1(D)3(B)5(E),101,I1212.1,I1212,,10153,5,3602
E,5,1(D)3(B)5(E),101,I1212.1,I1212,,10153,5,3602
E,1,1(E)3(C)5(A),102,I1212.2,I1212,,10153,5,3602
C,3,1(E)3(C)5(A),102,I1212.2,I1212,,10153,5,3602
A,5,1(E)3(C)5(A),102,I1212.2,I1212,,10153,5,3602
B,2,2(B)4(E)5(C),103,I1212.3,I1212,,10153,5,3602
E,4,2(B)4(E)5(C),103,I1212.3,I1212,,10153,5,3602
C,5,2(B)4(E)5(C),103,I1212.3,I1212,,10153,5,3602
C,2,2(C)4(A)5(D),104,I1212.4,I1212,,10153,5,3602
A,4,2(C)4(A)5(D),104,I1212.4,I1212,,10153,5,3602
D,5,2(C)4(A)5(D),104,I1212.4,I1212,,10153,5,3602
A,1,1(A)2(D)4(B),101,I1213.1,I1213,,10153,5,3601
D,2,1(A)2(D)4(B),101,I1213.1,I1213,,10153,5,3601
B,4,1(A)2(D)4(B),101,I1213.1,I1213,,10153,5,3601
B,1,1(B)2(E)4(C),102,I1213.2,I1213,,10153,5,3601
E,2,1(B)2(E)4(C),102,I1213.2,I1213,,10153,5,3601
C,4,1(B)2(E)4(C),102,I1213.2,I1213,,10153,5,3601
C,1,1(C)3(A)4(D),103,I1213.3,I1213,,10153,5,3601
A,3,1(C)3(A)4(D),103,I1213.3,I1213,,10153,5,3601
D,4,1(C)3(A)4(D),103,I1213.3,I1213,,10153,5,3601
E,1,1(E)3(C)5(A),104,I1213.4,I1213,,10153,5,3601
C,3,1(E)3(C)5(A),104,I1213.4,I1213,,10153,5,3601
A,5,1(E)3(C)5(A),104,I1213.4,I1213,,10153,5,3601
E,3,3(E),123,ADVHS01.23,ADVHS01,,10853,19,3600
C,2,2(C)4(A)5(D),101,I1003.1,I1003,,10853,152,3600
A,4,2(C)4(A)5(D),101,I1003.1,I1003,,10853,152,3600
D,5,2(C)4(A)5(D),101,I1003.1,I1003,,10853,152,3600
B,1,1(B)2(E)4(C),102,I1003.2,I1003,,10853,152,3600
E,2,1(B)2(E)4(C),102,I1003.2,I1003,,10853,152,3600
C,4,1(B)2(E)4(C),102,I1003.2,I1003,,10853,152,3600
A,1,1(A)2(D)4(B),101,OI1305.1,OI1305,,10853,152,3600
D,2,1(A)2(D)4(B),101,OI1305.1,OI1305,,10853,152,3600
B,4,1(A)2(D)4(B),101,OI1305.1,OI1305,,10853,152,3600
D,1,1(D)3(B)5(E),102,OI1305.2,OI1305,,10853,152,3600
B,3,1(D)3(B)5(E),102,OI1305.2,OI1305,,10853,152,3600
E,5,1(D)3(B)5(E),102,OI1305.2,OI1305,,10853,152,3600
E,1,1(E)3(C)5(A),103,OI1305.3,OI1305,,10853,152,3600
C,3,1(E)3(C)5(A),103,OI1305.3,OI1305,,10853,152,3600
A,5,1(E)3(C)5(A),103,OI1305.3,OI1305,,10853,152,3600
E,3,3(E),124,ADVHS01.24,ADVHS01,,5108,18,3600
B,1,1(B)2(E)4(C),106,G1201.6,G1201,,5108,15,3600
E,2,1(B)2(E)4(C),106,G1201.6,G1201,,5108,15,3600
C,4,1(B)2(E)4(C),106,G1201.6,G1201,,5108,15,3600
B,2,2(B)4(E)5(C),101,G1203.1,G1203,,5108,15,3600
E,4,2(B)4(E)5(C),101,G1203.1,G1203,,5108,15,3600
C,5,2(B)4(E)5(C),101,G1203.1,G1203,,5108,15,3600
D,1,1(D)3(B)5(E),102,G1203.2,G1203,,5108,15,3600
B,3,1(D)3(B)5(E),102,G1203.2,G1203,,5108,15,3600
E,5,1(D)3(B)5(E),102,G1203.2,G1203,,5108,15,3600
C,1,1(C)3(A)4(D),103,G1203.3,G1203,,5108,15,3600
A,3,1(C)3(A)4(D),103,G1203.3,G1203,,5108,15,3600
D,4,1(C)3(A)4(D),103,G1203.3,G1203,,5108,15,3600
E,1,1(E)3(C)5(A),104,G1203.4,G1203,,5108,15,3600
C,3,1(E)3(C)5(A),104,G1203.4,G1203,,5108,15,3600
A,5,1(E)3(C)5(A),104,G1203.4,G1203,,5108,15,3600
E,3,3(E),125,ADVHS01.25,ADVHS01,,11153,17,3600
B,1,1(B)2(E)4(C),101,I0903.1,I0903,,11153,27,3600
E,2,1(B)2(E)4(C),101,I0903.1,I0903,,11153,27,3600
C,4,1(B)2(E)4(C),101,I0903.1,I0903,,11153,27,3600
C,1,1(C)3(A)4(D),102,I0903.2,I0903,,11153,27,3600
A,3,1(C)3(A)4(D),102,I0903.2,I0903,,11153,27,3600
D,4,1(C)3(A)4(D),102,I0903.2,I0903,,11153,27,3600
B,2,2(B)4(E)5(C),103,I0903.3,I0903,,11153,27,3600
E,4,2(B)4(E)5(C),103,I0903.3,I0903,,11153,27,3600
C,5,2(B)4(E)5(C),103,I0903.3,I0903,,11153,27,3600
C,2,2(C)4(A)5(D),101,OB1520.1,OB1520,,11153,27,3600
A,4,2(C)4(A)5(D),101,OB1520.1,OB1520,,11153,27,3600
D,5,2(C)4(A)5(D),101,OB1520.1,OB1520,,11153,27,3600
D,1,1(D)3(B)5(E),102,OB1520.2,OB1520,,11153,27,3600
B,3,1(D)3(B)5(E),102,OB1520.2,OB1520,,11153,27,3600
E,5,1(D)3(B)5(E),102,OB1520.2,OB1520,,11153,27,3600
E,1,1(E)3(C)5(A),104,A1006.4,A1006,,9795,23,3600
C,3,1(E)3(C)5(A),104,A1006.4,A1006,,9795,23,3600
A,5,1(E)3(C)5(A),104,A1006.4,A1006,,9795,23,3600
C,1,1(C)3(A)4(D),105,A1006.5,A1006,,9795,23,3600
A,3,1(C)3(A)4(D),105,A1006.5,A1006,,9795,23,3600
D,4,1(C)3(A)4(D),105,A1006.5,A1006,,9795,23,3600
A,1,1(A)2(D)4(B),106,A1006.6,A1006,,9795,23,3600
D,2,1(A)2(D)4(B),106,A1006.6,A1006,,9795,23,3600
B,4,1(A)2(D)4(B),106,A1006.6,A1006,,9795,23,3600
C,2,2(C)4(A)5(D),107,A1006.7,A1006,,9795,23,3600
A,4,2(C)4(A)5(D),107,A1006.7,A1006,,9795,23,3600
D,5,2(C)4(A)5(D),107,A1006.7,A1006,,9795,23,3600
E,3,3(E),126,ADVHS01.26,ADVHS01,,9795,16,3600
B,2,2(B)4(E)5(C),101,OA1317.1,OA1317,,9795,23,3600
E,4,2(B)4(E)5(C),101,OA1317.1,OA1317,,9795,23,3600
C,5,2(B)4(E)5(C),101,OA1317.1,OA1317,,9795,23,3600
E,3,3(E),127,ADVHS01.27,ADVHS01,,9797,15,3600
C,2,2(C)4(A)5(D),105,B0901.5,B0901,,9797,8,3600
A,4,2(C)4(A)5(D),105,B0901.5,B0901,,9797,8,3600
D,5,2(C)4(A)5(D),105,B0901.5,B0901,,9797,8,3600
B,1,1(B)2(E)4(C),106,B0901.6,B0901,,9797,8,3600
E,2,1(B)2(E)4(C),106,B0901.6,B0901,,9797,8,3600
C,4,1(B)2(E)4(C),106,B0901.6,B0901,,9797,8,3600
C,1,1(C)3(A)4(D),107,B0901.7,B0901,,9797,8,3600
A,3,1(C)3(A)4(D),107,B0901.7,B0901,,9797,8,3600
D,4,1(C)3(A)4(D),107,B0901.7,B0901,,9797,8,3600
B,2,2(B)4(E)5(C),102,OH1305.2,OH1305,,9797,8,3600
E,4,2(B)4(E)5(C),102,OH1305.2,OH1305,,9797,8,3600
C,5,2(B)4(E)5(C),102,OH1305.2,OH1305,,9797,8,3600
A,2,2(A)3(D)5(B),103,OH1305.3,OH1305,,9797,8,3600
D,3,2(A)3(D)5(B),103,OH1305.3,OH1305,,9797,8,3600
B,5,2(A)3(D)5(B),103,OH1305.3,OH1305,,9797,8,3600
C,1,1(C)3(A)4(D),101,A0901.1,A0901,,11253,6,3600
A,3,1(C)3(A)4(D),101,A0901.1,A0901,,11253,6,3600
D,4,1(C)3(A)4(D),101,A0901.1,A0901,,11253,6,3600
A,1,1(A)2(D)4(B),102,A0901.2,A0901,,11253,8,3600
D,2,1(A)2(D)4(B),102,A0901.2,A0901,,11253,8,3600
B,4,1(A)2(D)4(B),102,A0901.2,A0901,,11253,8,3600
B,1,1(B)2(E)4(C),103,A1105.3,A1105,,11253,7,3600
E,2,1(B)2(E)4(C),103,A1105.3,A1105,,11253,7,3600
C,4,1(B)2(E)4(C),103,A1105.3,A1105,,11253,7,3600
D,1,1(D)3(B)5(E),104,A1105.4,A1105,,11253,22,3600
B,3,1(D)3(B)5(E),104,A1105.4,A1105,,11253,22,3600
E,5,1(D)3(B)5(E),104,A1105.4,A1105,,11253,22,3600
C,2,2(C)4(A)5(D),105,A1105.5,A1105,,11253,151,3600
A,4,2(C)4(A)5(D),105,A1105.5,A1105,,11253,151,3600
D,5,2(C)4(A)5(D),105,A1105.5,A1105,,11253,151,3600
E,3,3(E),128,ADVHS01.28,ADVHS01,,11253,13,3600
E,3,3(E),129,ADVHS01.29,ADVHS01,,339,12,3600
A,1,1(A)2(D)4(B),103,I1003.3,I1003,,339,18,3600
D,2,1(A)2(D)4(B),103,I1003.3,I1003,,339,18,3600
B,4,1(A)2(D)4(B),103,I1003.3,I1003,,339,18,3600
C,1,1(C)3(A)4(D),104,I1003.4,I1003,,339,18,3600
A,3,1(C)3(A)4(D),104,I1003.4,I1003,,339,18,3600
D,4,1(C)3(A)4(D),104,I1003.4,I1003,,339,18,3600
B,1,1(B)2(E)4(C),105,I1003.5,I1003,,339,18,3600
E,2,1(B)2(E)4(C),105,I1003.5,I1003,,339,18,3600
C,4,1(B)2(E)4(C),105,I1003.5,I1003,,339,18,3600
C,2,2(C)4(A)5(D),106,I1003.6,I1003,,339,18,3600
A,4,2(C)4(A)5(D),106,I1003.6,I1003,,339,18,3600
D,5,2(C)4(A)5(D),106,I1003.6,I1003,,339,18,3600
E,1,1(E)3(C)5(A),107,I1003.7,I1003,,339,18,3600
C,3,1(E)3(C)5(A),107,I1003.7,I1003,,339,18,3600
A,5,1(E)3(C)5(A),107,I1003.7,I1003,,339,18,3600
E,3,3(E),130,ADVHS01.30,ADVHS01,,8307,11,3600
C,2,2(C)4(A)5(D),104,H1001.4,H1001,,8307,13,3600
A,4,2(C)4(A)5(D),104,H1001.4,H1001,,8307,13,3600
D,5,2(C)4(A)5(D),104,H1001.4,H1001,,8307,13,3600
A,2,2(A)3(D)5(B),101,OH1401.1,OH1401,,8307,13,3600
D,3,2(A)3(D)5(B),101,OH1401.1,OH1401,,8307,13,3600
B,5,2(A)3(D)5(B),101,OH1401.1,OH1401,,8307,13,3600
B,1,1(B)2(E)4(C),102,OH1401.2,OH1401,,8307,13,3600
E,2,1(B)2(E)4(C),102,OH1401.2,OH1401,,8307,13,3600
C,4,1(B)2(E)4(C),102,OH1401.2,OH1401,,8307,13,3600
C,1,1(C)3(A)4(D),101,OH1501.1,OH1501,,8307,13,3600
A,3,1(C)3(A)4(D),101,OH1501.1,OH1501,,8307,13,3600
D,4,1(C)3(A)4(D),101,OH1501.1,OH1501,,8307,13,3600
D,1,1(D)3(B)5(E),102,OH1501.2,OH1501,,8307,13,3600
B,3,1(D)3(B)5(E),102,OH1501.2,OH1501,,8307,13,3600
E,5,1(D)3(B)5(E),102,OH1501.2,OH1501,,8307,13,3600
E,3,3(E),131,ADVHS01.31,ADVHS01,,9064,10,3600
A,1,1(A)2(D)4(B),101,I1204.1,I1204,,9064,7,3600
D,2,1(A)2(D)4(B),101,I1204.1,I1204,,9064,7,3600
B,4,1(A)2(D)4(B),101,I1204.1,I1204,,9064,7,3600
B,2,2(B)4(E)5(C),102,I1204.2,I1204,,9064,7,3600
E,4,2(B)4(E)5(C),102,I1204.2,I1204,,9064,7,3600
C,5,2(B)4(E)5(C),102,I1204.2,I1204,,9064,7,3600
C,2,2(C)4(A)5(D),101,I1208.1,I1208,,9064,7,3600
A,4,2(C)4(A)5(D),101,I1208.1,I1208,,9064,7,3600
D,5,2(C)4(A)5(D),101,I1208.1,I1208,,9064,7,3600
D,1,1(D)3(B)5(E),104,OI1305.4,OI1305,,9064,7,3600
B,3,1(D)3(B)5(E),104,OI1305.4,OI1305,,9064,7,3600
E,5,1(D)3(B)5(E),104,OI1305.4,OI1305,,9064,7,3600
A,2,2(A)3(D)5(B),105,OI1305.5,OI1305,,9064,7,3600
D,3,2(A)3(D)5(B),105,OI1305.5,OI1305,,9064,7,3600
B,5,2(A)3(D)5(B),105,OI1305.5,OI1305,,9064,7,3600
E,3,3(E),132,ADVHS01.32,ADVHS01,,4003,9,3600
A,1,1(A)2(D)4(B),101,OZ1323.1,OZ1323,,4003,4,3600
D,2,1(A)2(D)4(B),101,OZ1323.1,OZ1323,,4003,4,3600
B,4,1(A)2(D)4(B),101,OZ1323.1,OZ1323,,4003,4,3600
C,1,1(C)3(A)4(D),102,OZ1323.2,OZ1323,,4003,4,3600
A,3,1(C)3(A)4(D),102,OZ1323.2,OZ1323,,4003,4,3600
D,4,1(C)3(A)4(D),102,OZ1323.2,OZ1323,,4003,4,3600
C,2,2(C)4(A)5(D),103,OZ1323.3,OZ1323,,4003,4,3600
A,4,2(C)4(A)5(D),103,OZ1323.3,OZ1323,,4003,4,3600
D,5,2(C)4(A)5(D),103,OZ1323.3,OZ1323,,4003,4,3600
D,1,1(D)3(B)5(E),104,OZ1323.4,OZ1323,,4003,4,3600
B,3,1(D)3(B)5(E),104,OZ1323.4,OZ1323,,4003,4,3600
E,5,1(D)3(B)5(E),104,OZ1323.4,OZ1323,,4003,4,3600
B,1,1(B)2(E)4(C),105,OZ1323.5,OZ1323,,4003,4,3600
E,2,1(B)2(E)4(C),105,OZ1323.5,OZ1323,,4003,4,3600
C,4,1(B)2(E)4(C),105,OZ1323.5,OZ1323,,4003,4,3600
E,3,3(E),133,ADVHS01.33,ADVHS01,,1251,8,3600
B,2,2(B)4(E)5(C),104,OC1305.4,OC1305,,1251,30,3600
E,4,2(B)4(E)5(C),104,OC1305.4,OC1305,,1251,30,3600
C,5,2(B)4(E)5(C),104,OC1305.4,OC1305,,1251,30,3600
E,1,1(E)3(C)5(A),101,OC1307.1,OC1307,OC1311,1251,30,3600
C,3,1(E)3(C)5(A),101,OC1307.1,OC1307,OC1311,1251,30,3600
A,5,1(E)3(C)5(A),101,OC1307.1,OC1307,OC1311,1251,30,3600
D,1,1(D)3(B)5(E),101,OC1310.1,OC1310,,1251,30,3600
B,3,1(D)3(B)5(E),101,OC1310.1,OC1310,,1251,30,3600
E,5,1(D)3(B)5(E),101,OC1310.1,OC1310,,1251,30,3600
A,1,1(A)2(D)4(B),102,OC1310.2,OC1310,,1251,30,3600
D,2,1(A)2(D)4(B),102,OC1310.2,OC1310,,1251,30,3600
B,4,1(A)2(D)4(B),102,OC1310.2,OC1310,,1251,30,3600
A,2,2(A)3(D)5(B),103,OC1310.3,OC1310,,1251,30,3600
D,3,2(A)3(D)5(B),103,OC1310.3,OC1310,,1251,30,3600
B,5,2(A)3(D)5(B),103,OC1310.3,OC1310,,1251,30,3600
C,2,2(C)4(A)5(D),101,OC1314.1,OC1314,,1251,30,3600
A,4,2(C)4(A)5(D),101,OC1314.1,OC1314,,1251,30,3600
D,5,2(C)4(A)5(D),101,OC1314.1,OC1314,,1251,30,3600
E,3,3(E),134,ADVHS01.34,ADVHS01,,953,3,3600
B,1,1(B)2(E)4(C),101,G1004.1,G1004,,953,29,3600
E,2,1(B)2(E)4(C),101,G1004.1,G1004,,953,29,3600
C,4,1(B)2(E)4(C),101,G1004.1,G1004,,953,29,3600
A,2,2(A)3(D)5(B),102,G1004.2,G1004,,953,29,3600
D,3,2(A)3(D)5(B),102,G1004.2,G1004,,953,29,3600
B,5,2(A)3(D)5(B),102,G1004.2,G1004,,953,29,3600
D,1,1(D)3(B)5(E),103,G1004.3,G1004,,953,29,3600
B,3,1(D)3(B)5(E),103,G1004.3,G1004,,953,29,3600
E,5,1(D)3(B)5(E),103,G1004.3,G1004,,953,29,3600
C,2,2(C)4(A)5(D),104,G1004.4,G1004,,953,29,3600
A,4,2(C)4(A)5(D),104,G1004.4,G1004,,953,29,3600
D,5,2(C)4(A)5(D),104,G1004.4,G1004,,953,29,3600
C,1,1(C)3(A)4(D),105,G1004.5,G1004,,953,29,3600
A,3,1(C)3(A)4(D),105,G1004.5,G1004,,953,29,3600
D,4,1(C)3(A)4(D),105,G1004.5,G1004,,953,29,3600
E,3,3(E),135,ADVHS01.35,ADVHS01,,8106,2,3600
D,1,1(D)3(B)5(E),105,G0901.5,G0901,,8106,1,3600
B,3,1(D)3(B)5(E),105,G0901.5,G0901,,8106,1,3600
E,5,1(D)3(B)5(E),105,G0901.5,G0901,,8106,1,3600
A,1,1(A)2(D)4(B),106,G0901.6,G0901,,8106,3,3600
D,2,1(A)2(D)4(B),106,G0901.6,G0901,,8106,3,3600
B,4,1(A)2(D)4(B),106,G0901.6,G0901,,8106,3,3600
E,1,1(E)3(C)5(A),107,G0901.7,G0901,,8106,16,3600
C,3,1(E)3(C)5(A),107,G0901.7,G0901,,8106,16,3600
A,5,1(E)3(C)5(A),107,G0901.7,G0901,,8106,16,3600
A,2,2(A)3(D)5(B),106,G1004.6,G1004,,8106,17,3600
D,3,2(A)3(D)5(B),106,G1004.6,G1004,,8106,17,3600
B,5,2(A)3(D)5(B),106,G1004.6,G1004,,8106,17,3600
C,1,1(C)3(A)4(D),107,G1004.7,G1004,,8106,22,3600
A,3,1(C)3(A)4(D),107,G1004.7,G1004,,8106,22,3600
D,4,1(C)3(A)4(D),107,G1004.7,G1004,,8106,22,3600
A,2,2(A)3(D)5(B),103,A0901.3,A0901,,9816,9,3600
D,3,2(A)3(D)5(B),103,A0901.3,A0901,,9816,9,3600
B,5,2(A)3(D)5(B),103,A0901.3,A0901,,9816,9,3600
B,1,1(B)2(E)4(C),104,A0901.4,A0901,,9816,9,3600
E,2,1(B)2(E)4(C),104,A0901.4,A0901,,9816,9,3600
C,4,1(B)2(E)4(C),104,A0901.4,A0901,,9816,9,3600
A,1,1(A)2(D)4(B),105,A0901.5,A0901,,9816,9,3600
D,2,1(A)2(D)4(B),105,A0901.5,A0901,,9816,9,3600
B,4,1(A)2(D)4(B),105,A0901.5,A0901,,9816,9,3600
E,1,1(E)3(C)5(A),106,A0901.6,A0901,,9816,9,3600
C,3,1(E)3(C)5(A),106,A0901.6,A0901,,9816,9,3600
A,5,1(E)3(C)5(A),106,A0901.6,A0901,,9816,9,3600
E,3,3(E),136,ADVHS01.36,ADVHS01,,9816,1,3600
C,1,1(C)3(A)4(D),102,OZ1207.2,OZ1207,,9816,9,3600
A,3,1(C)3(A)4(D),102,OZ1207.2,OZ1207,,9816,9,3600
D,4,1(C)3(A)4(D),102,OZ1207.2,OZ1207,,9816,9,3600
B,2,2(B)4(E)5(C),101,OJ1306.1,OJ1306,,377,302,3600
E,4,2(B)4(E)5(C),101,OJ1306.1,OJ1306,,377,302,3600
C,5,2(B)4(E)5(C),101,OJ1306.1,OJ1306,,377,302,3600
C,1,1(C)3(A)4(D),101,OZ1313.1,OZ1313,,377,302,3600
A,3,1(C)3(A)4(D),101,OZ1313.1,OZ1313,,377,302,3600
D,4,1(C)3(A)4(D),101,OZ1313.1,OZ1313,,377,302,3600
